J,R,E,M,E_Num,algo,n_subtypes,mallows_temperature,kendalls_w,runtime,kendalls_tau,subtype_acc,mean_stage_healthy,runtime_cross_validation,absolute_error_n_subtypes,relative_error,correct_bool
726,0.21,sn_kjContinuousBeta_sigmoid,0,5,BebmS,3,0.02632702494936534,0.351981351981352,2.637676203250885,0.16666666666666666,0.8140441493054628,0.039735099337748346,,,100,100
726,0.21,sn_kjContinuousBeta_sigmoid,1,5,BebmS,3,0.11935973378982866,0.14685314685314685,2.37158473332723,0.1616161616161616,0.4399063212524412,0.0,,,100,100
726,0.21,sn_kjContinuousBeta_sigmoid,2,5,BebmS,3,0.3203359651731264,0.5959595959595959,2.3950087428092957,0.13636363636363635,0.07740739224911529,0.013245033112582781,,,100,100
726,0.21,sn_kjContinuousBeta_sigmoid,3,5,BebmS,3,0.3066442925561646,0.5555555555555556,2.8810025254885354,0.2727272727272727,0.5199606577569544,0.046357615894039736,,,100,100
726,0.21,sn_kjContinuousBeta_sigmoid,4,5,BebmS,3,0.2784801688745987,0.7000777000777001,2.540655553340912,0.22222222222222224,0.022247955872659292,0.0,,,100,100
726,0.21,sn_kjContinuousBeta_sigmoid,5,5,BebmS,3,0.457652282339572,0.5446775446775447,2.372758670647939,0.15151515151515152,0.4861593862885952,0.026490066225165563,,,100,100
726,0.21,sn_kjContinuousBeta_sigmoid,6,5,BebmS,3,0.08236725896499666,0.5757575757575758,2.367501974105835,0.1919191919191919,0.15767425145374417,0.046357615894039736,,,100,100
726,0.21,sn_kjContinuousBeta_sigmoid,7,5,BebmS,3,0.3712079468275921,0.885003885003885,2.481235921382904,0.26262626262626265,0.00027154762332293626,0.006622516556291391,,,100,100
726,0.21,sn_kjContinuousBeta_sigmoid,8,5,BebmS,3,0.17679989105876612,0.29914529914529914,2.445752422014872,0.2727272727272727,0.1967748620519773,0.06666666666666667,,,100,100
726,0.21,sn_kjContinuousBeta_sigmoid,9,5,BebmS,3,0.3312313495506399,0.7016317016317016,2.3435739119847616,0.35858585858585856,0.6034584414408127,0.0,,,100,100
726,0.21,sn_kjContinuousBeta_sigmoid,10,5,BebmS,3,0.4758763661357919,0.6891996891996892,2.3943512082099914,0.2828282828282828,0.0783594188231729,0.0,,,100,100
726,0.21,sn_kjContinuousBeta_sigmoid,11,5,BebmS,3,0.29839267753313237,0.7451437451437452,2.3690577785174054,0.2929292929292929,0.20650207264922874,0.1456953642384106,,,100,100
726,0.21,sn_kjContinuousBeta_sigmoid,12,5,BebmS,3,0.18491239690555333,0.4731934731934732,2.409313615163167,0.1717171717171717,0.5275102543154376,0.15894039735099338,,,100,100
726,0.21,sn_kjContinuousBeta_sigmoid,13,5,BebmS,3,0.21638400765243956,0.5757575757575758,2.796122070153554,0.1717171717171717,0.4965548024446024,0.07947019867549669,,,100,100
726,0.21,sn_kjContinuousBeta_sigmoid,14,5,BebmS,3,0.1860508093721305,0.37373737373737376,3.6352312684059145,0.18181818181818185,0.6870319211285785,0.0,,,100,100
726,0.21,sn_kjContinuousBeta_sigmoid,15,5,BebmS,3,0.433541658014171,0.8057498057498057,2.3520513772964478,0.27777777777777773,0.0015930233718804262,0.0,,,100,100
726,0.21,sn_kjContinuousBeta_sigmoid,16,5,BebmS,3,0.3160825149832656,0.5229215229215229,2.863921582698822,0.25252525252525254,0.0546152295953616,0.013245033112582781,,,100,100
726,0.21,sn_kjContinuousBeta_sigmoid,17,5,BebmS,3,0.015801686019529075,0.337995337995338,2.4339229822158814,0.14646464646464646,0.7962218881108549,0.033112582781456956,,,100,100
726,0.21,sn_kjContinuousBeta_sigmoid,18,5,BebmS,3,0.1929954023867594,0.5959595959595959,2.398260843753815,0.27272727272727276,0.1403292778340587,0.033112582781456956,,,100,100
726,0.21,sn_kjContinuousBeta_sigmoid,19,5,BebmS,3,0.38955831929500523,0.8741258741258742,2.417346731821696,0.196969696969697,0.022049167509369024,0.052980132450331126,,,100,100
726,0.21,sn_kjContinuousBeta_sigmoid,20,5,BebmS,3,0.306735129673904,0.43278943278943277,2.315086245536804,0.20707070707070707,0.6105437054942149,0.026490066225165563,,,100,100
726,0.21,sn_kjContinuousBeta_sigmoid,21,5,BebmS,3,0.29589969875207833,0.4125874125874126,2.3844441215197247,0.17676767676767677,0.6899268321582961,0.013245033112582781,,,100,100
726,0.21,sn_kjContinuousBeta_sigmoid,22,5,BebmS,3,0.21821236592142368,0.5104895104895105,2.510252892971039,0.2626262626262626,0.4751346653979207,0.0,,,100,100
726,0.21,sn_kjContinuousBeta_sigmoid,23,5,BebmS,3,0.4897682801854506,0.7637917637917638,2.386945680777232,0.1818181818181818,0.10051761601936511,0.0,,,100,100
726,0.21,sn_kjContinuousBeta_sigmoid,24,5,BebmS,3,0.48010372833622905,0.6208236208236209,2.390541390577952,0.16161616161616163,0.3496623163192281,0.02666666666666667,,,100,100
726,0.21,sn_kjContinuousBeta_sigmoid,25,5,BebmS,3,0.2866432865284877,0.6223776223776224,2.4065353353818257,0.2676767676767677,0.4380447832915294,0.07947019867549669,,,100,100
726,0.21,sn_kjContinuousBeta_sigmoid,26,5,BebmS,3,0.08190679194328276,0.4156954156954157,2.3488145232200623,0.15151515151515152,0.7061808578918505,0.05333333333333334,,,100,100
726,0.21,sn_kjContinuousBeta_sigmoid,27,5,BebmS,3,0.4355238971709114,0.8337218337218337,2.7321295022964476,0.31313131313131315,0.07713195767662487,0.019867549668874173,,,100,100
726,0.21,sn_kjContinuousBeta_sigmoid,28,5,BebmS,3,0.40281121123919095,0.6845376845376845,2.5483476877212525,0.25252525252525254,0.05701153827462157,0.06622516556291391,,,100,100
726,0.21,sn_kjContinuousBeta_sigmoid,29,5,BebmS,3,0.46118895618165473,0.7933177933177933,2.620271325111389,0.11616161616161617,0.09892605981058133,0.033112582781456956,,,100,100
726,0.21,sn_kjContinuousBeta_sigmoid,30,5,BebmS,3,0.20262853407076925,0.37684537684537683,2.4111592054367064,0.15656565656565657,0.4708763237491121,0.033112582781456956,,,100,100
726,0.21,sn_kjContinuousBeta_sigmoid,31,5,BebmS,3,0.036563833608889366,0.30536130536130535,2.420157492160797,0.27272727272727276,0.6729908695982679,0.006622516556291391,,,100,100
726,0.21,sn_kjContinuousBeta_sigmoid,32,5,BebmS,3,0.12286597542049602,0.4296814296814297,2.34670703013738,0.2272727272727273,0.33745181093269633,0.0,,,100,100
726,0.21,sn_kjContinuousBeta_sigmoid,33,5,BebmS,3,0.43066980743145783,0.6891996891996892,2.4395896553993226,0.1818181818181818,0.28769171333814075,0.006622516556291391,,,100,100
726,0.21,sn_kjContinuousBeta_sigmoid,34,5,BebmS,3,0.2137805859987503,0.6052836052836053,2.4009725014368692,0.2474747474747475,0.044770332692512405,0.04666666666666667,,,100,100
726,0.21,sn_kjContinuousBeta_sigmoid,35,5,BebmS,3,0.32936230874734607,0.27583527583527584,2.8526227553685506,0.1717171717171717,0.5730597764089229,0.013333333333333334,,,100,100
726,0.21,sn_kjContinuousBeta_sigmoid,36,5,BebmS,3,0.07612472808775474,0.41414141414141414,2.4341618696848553,0.20202020202020202,0.1759273770198196,0.1456953642384106,,,100,100
726,0.21,sn_kjContinuousBeta_sigmoid,37,5,BebmS,3,0.200198116556926,0.5415695415695416,2.383246350288391,0.20707070707070707,0.04436398942050648,0.006578947368421052,,,100,100
726,0.21,sn_kjContinuousBeta_sigmoid,38,5,BebmS,3,0.42754609736389926,0.6146076146076146,2.4021790623664856,0.24242424242424243,0.15273980878020024,0.013245033112582781,,,100,100
726,0.21,sn_kjContinuousBeta_sigmoid,39,5,BebmS,3,0.42492014007622353,0.8197358197358198,2.344294591744741,0.2878787878787879,0.03848401929757693,0.006666666666666667,,,100,100
726,0.21,sn_kjContinuousBeta_sigmoid,40,5,BebmS,3,0.32306802402808316,0.6674436674436675,2.3476120114326475,0.1717171717171717,0.4353283757368176,0.0,,,100,100
726,0.21,sn_kjContinuousBeta_sigmoid,41,5,BebmS,3,0.43566905842340314,0.6317016317016317,2.8982798496882123,0.16161616161616163,0.48087304277206794,0.0,,,100,100
726,0.21,sn_kjContinuousBeta_sigmoid,42,5,BebmS,3,0.026462843013025726,0.5384615384615384,2.595937426884969,0.08585858585858586,0.6524624356751743,0.0,,,100,100
726,0.21,sn_kjContinuousBeta_sigmoid,43,5,BebmS,3,0.2493739936808405,0.3084693084693085,2.555531891187032,0.2676767676767677,0.5637964632366949,0.033112582781456956,,,100,100
726,0.21,sn_kjContinuousBeta_sigmoid,44,5,BebmS,3,0.37398150196550944,0.6798756798756799,2.418384778499603,0.2171717171717172,0.4347367855549211,0.0,,,100,100
726,0.21,sn_kjContinuousBeta_sigmoid,45,5,BebmS,3,0.1837302880881775,0.5058275058275058,2.4245392521222433,0.2676767676767677,0.612576157948352,0.04666666666666667,,,100,100
726,0.21,sn_kjContinuousBeta_sigmoid,46,5,BebmS,3,0.10059202468471673,0.2913752913752914,2.3987558364868162,0.2272727272727273,0.2802510225410993,0.039735099337748346,,,100,100
726,0.21,sn_kjContinuousBeta_sigmoid,47,5,BebmS,3,0.4889489445665849,0.728049728049728,2.355843496322632,0.202020202020202,0.15971018167679202,0.07947019867549669,,,100,100
726,0.21,sn_kjContinuousBeta_sigmoid,48,5,BebmS,3,0.1782760070500603,0.42657342657342656,2.3582860986391703,0.13636363636363638,0.4370930084313477,0.013333333333333334,,,100,100
726,0.21,sn_kjContinuousBeta_sigmoid,49,5,BebmS,3,0.22842657512776343,0.7902097902097902,2.390661589304606,0.21717171717171715,0.149513666364725,0.0,,,100,100
726,0.21,sn_kjContinuousBeta_xnjNonNormal,0,7,BebmS,3,0.05385780857393941,0.5571095571095571,2.3640451272328695,0.2474747474747475,0.3256868577700054,0.09933774834437085,,,100,100
726,0.21,sn_kjContinuousBeta_xnjNonNormal,1,7,BebmS,3,0.11674602659867639,0.5229215229215229,2.589721675713857,0.20707070707070707,0.12097590469325838,0.0728476821192053,,,100,100
726,0.21,sn_kjContinuousBeta_xnjNonNormal,2,7,BebmS,3,0.23991252900045984,0.46853146853146854,2.4085553089777627,0.3383838383838384,0.6258789863848581,0.0728476821192053,,,100,100
726,0.21,sn_kjContinuousBeta_xnjNonNormal,3,7,BebmS,3,0.19559741786384105,0.4467754467754468,2.412704904874166,0.1919191919191919,0.2879775764157206,0.23841059602649006,,,100,100
726,0.21,sn_kjContinuousBeta_xnjNonNormal,4,7,BebmS,3,0.28639977141222067,0.6565656565656566,2.6487762173016867,0.29797979797979796,0.2792545444553526,0.19205298013245034,,,100,100
726,0.21,sn_kjContinuousBeta_xnjNonNormal,5,7,BebmS,3,0.4251506642968532,0.8445998445998446,2.960437862078349,0.22222222222222224,0.05802657081339434,0.26490066225165565,,,100,100
726,0.21,sn_kjContinuousBeta_xnjNonNormal,6,7,BebmS,3,0.38570261291333696,0.6519036519036518,2.4296528895696006,0.2626262626262626,0.049617781739403136,0.2052980132450331,,,100,100
726,0.21,sn_kjContinuousBeta_xnjNonNormal,7,7,BebmS,3,0.3100772886165356,0.8243978243978244,2.406879425048828,0.16666666666666666,0.09999658770850797,0.34,,,100,100
726,0.21,sn_kjContinuousBeta_xnjNonNormal,8,7,BebmS,3,0.2292133677913133,0.6037296037296037,3.6262605945269266,0.2878787878787879,0.09490767412409545,0.05333333333333334,,,100,100
726,0.21,sn_kjContinuousBeta_xnjNonNormal,9,7,BebmS,3,0.42287716149380805,0.6487956487956488,2.3728901227315267,0.21717171717171715,0.12387099570612507,0.36666666666666664,,,100,100
726,0.21,sn_kjContinuousBeta_xnjNonNormal,10,7,BebmS,3,0.013403365405967132,0.31313131313131315,2.4860604365666705,0.1818181818181818,0.5200615368318368,0.08,,,100,100
726,0.21,sn_kjContinuousBeta_xnjNonNormal,11,7,BebmS,3,0.06450797244417798,0.18725718725718726,2.402273917198181,0.09595959595959597,0.5433494993967787,0.23178807947019867,,,100,100
726,0.21,sn_kjContinuousBeta_xnjNonNormal,12,7,BebmS,3,0.06317776177966725,0.4188034188034188,2.548141396045685,0.2676767676767677,0.04512378179755111,0.2,,,100,100
726,0.21,sn_kjContinuousBeta_xnjNonNormal,13,7,BebmS,3,0.2573614814685714,0.452991452991453,2.4440266609191896,0.4090909090909091,0.20954655247062334,1.12,,,100,100
726,0.21,sn_kjContinuousBeta_xnjNonNormal,14,7,BebmS,3,0.05882018173794345,0.4188034188034188,2.3587653676668805,0.1919191919191919,0.06577416521435436,0.07947019867549669,,,100,100
726,0.21,sn_kjContinuousBeta_xnjNonNormal,15,7,BebmS,3,0.026013518309863794,0.3877233877233877,3.11382003625234,0.297979797979798,0.28370490898247647,0.08609271523178808,,,100,100
726,0.21,sn_kjContinuousBeta_xnjNonNormal,16,7,BebmS,3,0.08845369857946614,0.21056721056721056,2.4211102525393167,0.3434343434343434,0.23360995819164593,0.2251655629139073,,,100,100
726,0.21,sn_kjContinuousBeta_xnjNonNormal,17,7,BebmS,3,0.44402258080637474,0.6254856254856255,2.385714387893677,0.3636363636363636,0.14608383236372158,1.0133333333333334,,,100,100
726,0.21,sn_kjContinuousBeta_xnjNonNormal,18,7,BebmS,3,0.371777610700049,0.4965034965034965,3.277722998460134,0.2474747474747475,0.0062349880438470826,0.07947019867549669,,,100,100
726,0.21,sn_kjContinuousBeta_xnjNonNormal,19,7,BebmS,3,0.3018195763477398,0.4592074592074592,2.386245361963908,0.21212121212121213,0.3400543143381769,0.0,,,100,100
726,0.21,sn_kjContinuousBeta_xnjNonNormal,20,7,BebmS,3,0.2855254866502102,0.6130536130536131,2.381683321793874,0.23737373737373738,0.00028424387148223235,0.13245033112582782,,,100,100
726,0.21,sn_kjContinuousBeta_xnjNonNormal,21,7,BebmS,3,0.34848120391628934,0.6674436674436675,2.3985643784205117,0.25757575757575757,0.06415495683382726,0.11258278145695365,,,100,100
726,0.21,sn_kjContinuousBeta_xnjNonNormal,22,7,BebmS,3,0.17794229439298676,0.3690753690753691,3.124168638388316,0.21212121212121215,0.2276301051291281,0.2781456953642384,,,100,100
726,0.21,sn_kjContinuousBeta_xnjNonNormal,23,7,BebmS,3,0.12178160826638167,0.19036519036519037,3.4439307928085325,0.12121212121212122,0.693230631287281,0.13333333333333333,,,100,100
726,0.21,sn_kjContinuousBeta_xnjNonNormal,24,7,BebmS,3,0.3312245931088113,0.7373737373737373,2.8099404255549114,0.35353535353535354,-0.01101973402123986,0.07333333333333333,,,100,100
726,0.21,sn_kjContinuousBeta_xnjNonNormal,25,7,BebmS,3,0.20017420933327082,0.2898212898212898,2.392362904548645,0.18686868686868685,0.4955663213421817,0.16,,,100,100
726,0.21,sn_kjContinuousBeta_xnjNonNormal,26,7,BebmS,3,0.01571352288912975,0.4125874125874126,2.4320661862691244,0.2626262626262626,0.36677583300323424,0.09933774834437085,,,100,100
726,0.21,sn_kjContinuousBeta_xnjNonNormal,27,7,BebmS,3,0.44383842860001793,0.7933177933177933,2.426957897345225,0.20707070707070707,0.2605598625852766,0.12582781456953643,,,100,100
726,0.21,sn_kjContinuousBeta_xnjNonNormal,28,7,BebmS,3,0.42486506761623294,0.8414918414918415,2.4157612045605976,0.2777777777777778,0.011752164239935584,0.046357615894039736,,,100,100
726,0.21,sn_kjContinuousBeta_xnjNonNormal,29,7,BebmS,3,0.3819137579940611,0.5322455322455323,2.51756344238917,0.20707070707070707,0.2587570136504822,0.013245033112582781,,,100,100
726,0.21,sn_kjContinuousBeta_xnjNonNormal,30,7,BebmS,3,0.052146592905694206,0.2789432789432789,2.4199188391367596,0.29292929292929293,0.3280940659628272,0.12582781456953643,,,100,100
726,0.21,sn_kjContinuousBeta_xnjNonNormal,31,7,BebmS,3,0.22057252013119208,0.2556332556332556,2.4687900304794312,0.1919191919191919,0.3147657722047099,0.2582781456953642,,,100,100
726,0.21,sn_kjContinuousBeta_xnjNonNormal,32,7,BebmS,3,0.3942524605904704,0.6519036519036518,2.35404273668925,0.2474747474747475,0.252699402365499,0.0,,,100,100
726,0.21,sn_kjContinuousBeta_xnjNonNormal,33,7,BebmS,3,0.2890937705799658,0.30225330225330227,3.256887404123942,0.24242424242424243,0.4699342812230868,0.1986754966887417,,,100,100
726,0.21,sn_kjContinuousBeta_xnjNonNormal,34,7,BebmS,3,0.1103440802010066,0.29448329448329447,3.361142047246297,0.2222222222222222,0.3752067110000304,0.17880794701986755,,,100,100
726,0.21,sn_kjContinuousBeta_xnjNonNormal,35,7,BebmS,3,0.3218811916764402,0.6285936285936286,2.835140351454417,0.2828282828282828,0.09676177955712528,0.1118421052631579,,,100,100
726,0.21,sn_kjContinuousBeta_xnjNonNormal,36,7,BebmS,3,0.418338877463702,0.5695415695415695,2.405174207687378,0.24242424242424243,0.7428217295984212,0.013245033112582781,,,100,100
726,0.21,sn_kjContinuousBeta_xnjNonNormal,37,7,BebmS,3,0.26662695384126484,0.26961926961926963,2.9766287326812746,0.196969696969697,0.6638507431541438,0.3708609271523179,,,100,100
726,0.21,sn_kjContinuousBeta_xnjNonNormal,38,7,BebmS,3,0.3643446581722162,0.60994560994561,2.4348447283109027,0.2474747474747475,0.12892152434281623,0.2733333333333333,,,100,100
726,0.21,sn_kjContinuousBeta_xnjNonNormal,39,7,BebmS,3,0.12507091688497174,0.5027195027195027,2.4051846981048586,0.1717171717171717,0.49320351017270925,0.13157894736842105,,,100,100
726,0.21,sn_kjContinuousBeta_xnjNonNormal,40,7,BebmS,3,0.09877497680128228,0.23232323232323232,2.39524663289388,0.37878787878787873,0.28353426920220964,0.2980132450331126,,,100,100
726,0.21,sn_kjContinuousBeta_xnjNonNormal,41,7,BebmS,3,0.29908124844235534,0.6721056721056721,2.370557451248169,0.32323232323232326,0.09059867282343265,0.23841059602649006,,,100,100
726,0.21,sn_kjContinuousBeta_xnjNonNormal,42,7,BebmS,3,0.47116293913367374,0.6301476301476302,2.3614326318105063,0.2676767676767677,0.23341767610845401,0.02,,,100,100
726,0.21,sn_kjContinuousBeta_xnjNonNormal,43,7,BebmS,3,0.22252084924662743,0.4094794094794095,3.0404932339986166,0.12626262626262627,0.47612973966928884,0.052980132450331126,,,100,100
726,0.21,sn_kjContinuousBeta_xnjNonNormal,44,7,BebmS,3,0.12619215251109916,0.4125874125874126,2.4466098666191103,0.2828282828282828,0.2057440864574424,0.44,,,100,100
726,0.21,sn_kjContinuousBeta_xnjNonNormal,45,7,BebmS,3,0.06807489237138689,0.3457653457653458,2.7472092628479006,0.21212121212121215,0.15857531772180536,0.25165562913907286,,,100,100
726,0.21,sn_kjContinuousBeta_xnjNonNormal,46,7,BebmS,3,0.23822254762727024,0.585081585081585,2.871452260017395,0.25252525252525254,0.2674083978466367,0.17880794701986755,,,100,100
726,0.21,sn_kjContinuousBeta_xnjNonNormal,47,7,BebmS,3,0.4874621491275863,0.6037296037296037,2.6559993505477903,0.30808080808080807,0.09821363289571293,0.16556291390728478,,,100,100
726,0.21,sn_kjContinuousBeta_xnjNonNormal,48,7,BebmS,3,0.07260634032404707,0.4063714063714064,2.417843170960744,0.3737373737373737,0.43745253109729737,0.3509933774834437,,,100,100
726,0.21,sn_kjContinuousBeta_xnjNonNormal,49,7,BebmS,3,0.1047810356457561,0.33644133644133645,2.3895769834518434,0.1818181818181818,0.21384164497692315,0.05921052631578947,,,100,100
726,0.21,sn_kjContinuousBeta_xnjNormal,0,6,BebmS,3,0.4165796484281953,0.6876456876456877,8.269230874379476,0.2676767676767677,0.04468797987392972,0.0,,,100,100
726,0.21,sn_kjContinuousBeta_xnjNormal,1,6,BebmS,3,0.3321753098967831,0.5135975135975136,2.661112209161123,0.1717171717171717,0.2813763856488493,0.059602649006622516,,,100,100
726,0.21,sn_kjContinuousBeta_xnjNormal,2,6,BebmS,3,0.12557443364550333,0.2463092463092463,3.1215558528900145,0.15656565656565655,0.6687548769789371,0.019867549668874173,,,100,100
726,0.21,sn_kjContinuousBeta_xnjNormal,3,6,BebmS,3,0.28435214516244833,0.6907536907536908,2.7490918119748433,0.2777777777777778,0.024936128867833487,0.052980132450331126,,,100,100
726,0.21,sn_kjContinuousBeta_xnjNormal,4,6,BebmS,3,0.20544636965705432,0.23232323232323232,4.978535890579224,0.17676767676767677,0.47629784068466857,0.05333333333333334,,,100,100
726,0.21,sn_kjContinuousBeta_xnjNormal,5,6,BebmS,3,0.11949894739755182,0.3644133644133644,2.411449905236562,0.27272727272727276,0.4251401417316359,0.013245033112582781,,,100,100
726,0.21,sn_kjContinuousBeta_xnjNormal,6,6,BebmS,3,0.42537143281180556,0.7653457653457654,2.457039411862691,0.2323232323232323,0.19948286190233386,0.15894039735099338,,,100,100
726,0.21,sn_kjContinuousBeta_xnjNormal,7,6,BebmS,3,0.19555996377898477,0.46386946386946387,8.225978648662567,0.13636363636363635,0.8212513019675924,0.0,,,100,100
726,0.21,sn_kjContinuousBeta_xnjNormal,8,6,BebmS,3,0.19332724472169363,0.5104895104895105,2.3491360187530517,0.2828282828282828,0.497988255963134,0.09868421052631579,,,100,100
726,0.21,sn_kjContinuousBeta_xnjNormal,9,6,BebmS,3,0.05283374806453199,0.1857031857031857,2.650214485327403,0.1717171717171717,0.7669884578532309,0.10596026490066225,,,100,100
726,0.21,sn_kjContinuousBeta_xnjNormal,10,6,BebmS,3,0.40133791720354295,0.8197358197358198,3.0574010173479715,0.17676767676767677,0.02929323654721601,0.2251655629139073,,,100,100
726,0.21,sn_kjContinuousBeta_xnjNormal,11,6,BebmS,3,0.12946947779324358,0.6146076146076146,2.355858651796977,0.1717171717171717,0.3643533712339448,0.06578947368421052,,,100,100
726,0.21,sn_kjContinuousBeta_xnjNormal,12,6,BebmS,3,0.06596430320874717,0.3752913752913753,2.452737009525299,0.23737373737373738,0.6737007920469618,0.06622516556291391,,,100,100
726,0.21,sn_kjContinuousBeta_xnjNormal,13,6,BebmS,3,0.48588356325332666,0.5944055944055944,2.870410962899526,0.2272727272727273,0.3410158888108597,0.18543046357615894,,,100,100
726,0.21,sn_kjContinuousBeta_xnjNormal,14,6,BebmS,3,0.3834412794338635,0.7078477078477079,2.3827220678329466,0.14646464646464646,0.4126379876351584,0.12582781456953643,,,100,100
726,0.21,sn_kjContinuousBeta_xnjNormal,15,6,BebmS,3,0.4416067472870375,0.8321678321678322,2.3759992440541584,0.18686868686868685,0.30448707963936616,0.06622516556291391,,,100,100
726,0.21,sn_kjContinuousBeta_xnjNormal,16,6,BebmS,3,0.07718202576553042,0.40792540792540793,2.408776624997457,0.1313131313131313,0.45132763439122453,0.013333333333333334,,,100,100
726,0.21,sn_kjContinuousBeta_xnjNormal,17,6,BebmS,3,0.2731921087339509,0.5151515151515151,2.5044453382492065,0.2828282828282828,0.4097914570601811,0.02,,,100,100
726,0.21,sn_kjContinuousBeta_xnjNormal,18,6,BebmS,3,0.3945384516394293,0.6487956487956488,2.8629562656084695,0.2222222222222222,0.45660597943566744,0.033112582781456956,,,100,100
726,0.21,sn_kjContinuousBeta_xnjNormal,19,6,BebmS,3,0.4536165740998863,0.5617715617715617,2.3586049318313598,0.1717171717171717,0.47786323560874033,0.033112582781456956,,,100,100
726,0.21,sn_kjContinuousBeta_xnjNormal,20,6,BebmS,3,0.011799959897471398,0.29292929292929293,2.5550130287806194,0.08080808080808081,0.8177274385338137,0.039735099337748346,,,100,100
726,0.21,sn_kjContinuousBeta_xnjNormal,21,6,BebmS,3,0.36574928541813867,0.5912975912975913,2.4256216923395795,0.24242424242424243,0.26802643096572215,0.02,,,100,100
726,0.21,sn_kjContinuousBeta_xnjNormal,22,6,BebmS,3,0.36430654548679875,0.5804195804195804,2.9449601133664447,0.16161616161616163,0.340755830585394,0.05333333333333334,,,100,100
726,0.21,sn_kjContinuousBeta_xnjNormal,23,6,BebmS,3,0.10954358887256387,0.1888111888111888,2.376782206694285,0.2777777777777778,0.29505064362802963,0.006622516556291391,,,100,100
726,0.21,sn_kjContinuousBeta_xnjNormal,24,6,BebmS,3,0.4429949125908496,0.8057498057498057,2.519347914059957,0.2676767676767677,0.3064969419779911,0.19205298013245034,,,100,100
726,0.21,sn_kjContinuousBeta_xnjNormal,25,6,BebmS,3,0.48174186617528725,0.7839937839937839,2.8858057578404743,0.23232323232323235,0.1509695345915255,0.0,,,100,100
726,0.21,sn_kjContinuousBeta_xnjNormal,26,6,BebmS,3,0.18672623259184867,0.2851592851592852,2.504601796468099,0.15151515151515152,0.3403839412706932,0.033112582781456956,,,100,100
726,0.21,sn_kjContinuousBeta_xnjNormal,27,6,BebmS,3,0.36228383652924123,0.5788655788655789,2.711426027615865,0.21212121212121213,0.6645395239458876,0.14,,,100,100
726,0.21,sn_kjContinuousBeta_xnjNormal,28,6,BebmS,3,0.1696552117339426,0.337995337995338,2.983849461873372,0.13636363636363635,0.4324396100667093,0.15333333333333332,,,100,100
726,0.21,sn_kjContinuousBeta_xnjNormal,29,6,BebmS,3,0.49999886005596433,0.7296037296037297,3.3973963181177775,0.19191919191919193,0.23851889442670834,0.052980132450331126,,,100,100
726,0.21,sn_kjContinuousBeta_xnjNormal,30,6,BebmS,3,0.06765223525252742,0.37684537684537683,2.3917539676030475,0.20707070707070707,0.5525836836980277,0.013245033112582781,,,100,100
726,0.21,sn_kjContinuousBeta_xnjNormal,31,6,BebmS,3,0.2361732296601045,0.26495726495726496,2.320324941476186,0.2676767676767677,0.3935644618893217,0.07333333333333333,,,100,100
726,0.21,sn_kjContinuousBeta_xnjNormal,32,6,BebmS,3,0.29926118553767345,0.33644133644133645,2.4082815488179525,0.15656565656565657,0.6264336772605568,0.04,,,100,100
726,0.21,sn_kjContinuousBeta_xnjNormal,33,6,BebmS,3,0.047332463377657175,0.37373737373737376,2.745082112153371,0.21212121212121213,0.4927031124056046,0.019867549668874173,,,100,100
726,0.21,sn_kjContinuousBeta_xnjNormal,34,6,BebmS,3,0.04131050828951717,0.3162393162393162,2.503811224301656,0.32323232323232326,0.1366018903451755,0.052980132450331126,,,100,100
726,0.21,sn_kjContinuousBeta_xnjNormal,35,6,BebmS,3,0.3483379363528306,0.5011655011655012,2.335463647047679,0.20202020202020202,0.671623245577483,0.039735099337748346,,,100,100
726,0.21,sn_kjContinuousBeta_xnjNormal,36,6,BebmS,3,0.3350257318133297,0.5617715617715617,2.4805102944374084,0.22222222222222224,0.19346786518809544,0.10666666666666667,,,100,100
726,0.21,sn_kjContinuousBeta_xnjNormal,37,6,BebmS,3,0.03535480817373621,0.508935508935509,3.060250679651896,0.14646464646464644,0.6061919802222847,0.06,,,100,100
726,0.21,sn_kjContinuousBeta_xnjNormal,38,6,BebmS,3,0.4110298691920121,0.4483294483294483,2.6736538648605346,0.2676767676767677,0.1271409193950514,0.033112582781456956,,,100,100
726,0.21,sn_kjContinuousBeta_xnjNormal,39,6,BebmS,3,0.277424051587715,0.6006216006216006,2.378187974294027,0.1818181818181818,0.3331517800692438,0.026490066225165563,,,100,100
726,0.21,sn_kjContinuousBeta_xnjNormal,40,6,BebmS,3,0.3205636355023096,0.5633255633255633,2.754880118370056,0.15656565656565657,0.3884083088618997,0.052980132450331126,,,100,100
726,0.21,sn_kjContinuousBeta_xnjNormal,41,6,BebmS,3,0.2609230847081816,0.6596736596736597,2.377769394715627,0.2676767676767677,0.25193789734467437,0.08609271523178808,,,100,100
726,0.21,sn_kjContinuousBeta_xnjNormal,42,6,BebmS,3,0.4277556587455219,0.6487956487956488,2.716463152567546,0.2727272727272727,0.15097065527220996,0.0728476821192053,,,100,100
726,0.21,sn_kjContinuousBeta_xnjNormal,43,6,BebmS,3,0.13760828891287907,0.6285936285936286,4.990701464811961,0.21212121212121213,0.11566421218208836,0.04666666666666667,,,100,100
726,0.21,sn_kjContinuousBeta_xnjNormal,44,6,BebmS,3,0.1702000634151993,0.47785547785547783,2.750668700536092,0.1919191919191919,0.4077497612275358,0.08609271523178808,,,100,100
726,0.21,sn_kjContinuousBeta_xnjNormal,45,6,BebmS,3,0.2769133848234267,0.5757575757575758,2.4041436115900674,0.08585858585858586,0.6617949353103816,0.026490066225165563,,,100,100
726,0.21,sn_kjContinuousBeta_xnjNormal,46,6,BebmS,3,0.15787034292092048,0.3317793317793318,2.454199500878652,0.20707070707070707,0.4244465085237208,0.09271523178807947,,,100,100
726,0.21,sn_kjContinuousBeta_xnjNormal,47,6,BebmS,3,0.2592795171096269,0.45765345765345766,2.3496589700380963,0.18686868686868685,0.293855700625296,0.12666666666666668,,,100,100
726,0.21,sn_kjContinuousBeta_xnjNormal,48,6,BebmS,3,0.3659865751921051,0.5337995337995338,3.0449991742769877,0.29292929292929293,0.11464276007981637,0.06622516556291391,,,100,100
726,0.21,sn_kjContinuousBeta_xnjNormal,49,6,BebmS,3,0.37024210116363787,0.6332556332556333,2.367012631893158,0.3181818181818182,0.3195871581436336,0.08666666666666667,,,100,100
726,0.21,sn_kjOrdinalDM_xnjNonNormal,0,2,BebmS,3,0.32235248520218085,0.5477855477855478,2.6441890517870585,0.21212121212121213,0.12296163955978541,0.08,,,100,100
726,0.21,sn_kjOrdinalDM_xnjNonNormal,1,2,BebmS,3,0.4116386733342348,0.6783216783216783,2.3889859596888225,0.3181818181818182,0.046089535517223244,0.4533333333333333,,,100,100
726,0.21,sn_kjOrdinalDM_xnjNonNormal,2,2,BebmS,3,0.013700266555043871,0.3177933177933178,3.248334860801697,0.2626262626262626,0.6660121348416744,0.12666666666666668,,,100,100
726,0.21,sn_kjOrdinalDM_xnjNonNormal,3,2,BebmS,3,0.490951479989468,0.7311577311577312,2.3511592109998065,0.1818181818181818,0.17056208578380805,0.271523178807947,,,100,100
726,0.21,sn_kjOrdinalDM_xnjNonNormal,4,2,BebmS,3,0.3899309041276997,0.5742035742035742,2.3538889010747273,0.21212121212121213,0.16513288091339504,0.25165562913907286,,,100,100
726,0.21,sn_kjOrdinalDM_xnjNonNormal,5,2,BebmS,3,0.1505283288042736,0.4125874125874126,2.335370147228241,0.10606060606060608,0.5776598712871469,0.37748344370860926,,,100,100
726,0.21,sn_kjOrdinalDM_xnjNonNormal,6,2,BebmS,3,0.32518219110050506,0.47474747474747475,3.0835755825042725,0.2626262626262626,0.03695412531840769,0.15894039735099338,,,100,100
726,0.21,sn_kjOrdinalDM_xnjNonNormal,7,2,BebmS,3,0.4569003923702322,0.6317016317016317,2.3644707560539246,0.30303030303030304,0.06782532456695745,0.09333333333333334,,,100,100
726,0.21,sn_kjOrdinalDM_xnjNonNormal,8,2,BebmS,3,0.4865040261402983,0.6596736596736597,2.42107842763265,0.20707070707070707,0.21370403604848445,0.6,,,100,100
726,0.21,sn_kjOrdinalDM_xnjNonNormal,9,2,BebmS,3,0.04740853563718116,0.38461538461538464,2.8517321228981016,0.20707070707070707,0.23147609683994813,0.9006622516556292,,,100,100
726,0.21,sn_kjOrdinalDM_xnjNonNormal,10,2,BebmS,3,0.01982835006614793,0.2634032634032634,3.0958383878072104,0.1818181818181818,0.2702720468189961,0.7086092715231788,,,100,100
726,0.21,sn_kjOrdinalDM_xnjNonNormal,11,2,BebmS,3,0.16954075938666366,0.5182595182595182,2.4073773344357807,0.1919191919191919,0.5200467899284301,0.31788079470198677,,,100,100
726,0.21,sn_kjOrdinalDM_xnjNonNormal,12,2,BebmS,3,0.36542725770524237,0.7513597513597513,2.3387697458267214,0.297979797979798,0.06137491869705823,0.2052980132450331,,,100,100
726,0.21,sn_kjOrdinalDM_xnjNonNormal,13,2,BebmS,3,0.4899937295516178,0.7622377622377622,2.359623606999715,0.2272727272727273,0.34821229617260213,0.033112582781456956,,,100,100
726,0.21,sn_kjOrdinalDM_xnjNonNormal,14,2,BebmS,3,0.24840329789197996,0.5198135198135199,2.613872253894806,0.25252525252525254,0.12791967835974846,0.5894039735099338,,,100,100
726,0.21,sn_kjOrdinalDM_xnjNonNormal,15,2,BebmS,3,0.4965824609962923,0.728049728049728,2.3844839612642925,0.3080808080808081,0.02413989712805634,0.22,,,100,100
726,0.21,sn_kjOrdinalDM_xnjNonNormal,16,2,BebmS,3,0.09732633571348291,0.5120435120435121,2.3324989080429077,0.292929292929293,0.03916734415647423,0.3973509933774834,,,100,100
726,0.21,sn_kjOrdinalDM_xnjNonNormal,17,2,BebmS,3,0.02231908478433569,0.16394716394716394,2.362311859925588,0.14646464646464646,0.6601180037059954,0.32450331125827814,,,100,100
726,0.21,sn_kjOrdinalDM_xnjNonNormal,18,2,BebmS,3,0.19378276437196,0.38927738927738925,2.388488856951396,0.3333333333333333,0.16719164807150302,0.23841059602649006,,,100,100
726,0.21,sn_kjOrdinalDM_xnjNonNormal,19,2,BebmS,3,0.18948340169744726,0.6876456876456877,2.5325981974601746,0.21212121212121213,0.10924477888188726,0.4304635761589404,,,100,100
726,0.21,sn_kjOrdinalDM_xnjNonNormal,20,2,BebmS,3,0.33971053256545647,0.5524475524475524,2.662618402640025,0.22222222222222224,0.08379280114345,0.45695364238410596,,,100,100
726,0.21,sn_kjOrdinalDM_xnjNonNormal,21,2,BebmS,3,0.24098100095068645,0.46853146853146854,3.0913776675860087,0.29292929292929293,0.21504984638730043,0.17880794701986755,,,100,100
726,0.21,sn_kjOrdinalDM_xnjNonNormal,22,2,BebmS,3,0.2586543548559541,0.2432012432012432,2.6514737963676454,0.1414141414141414,0.6009096618256461,0.1456953642384106,,,100,100
726,0.21,sn_kjOrdinalDM_xnjNonNormal,23,2,BebmS,3,0.38494197887874426,0.6503496503496503,2.4881449580192565,0.2676767676767677,0.36029599810503427,0.059602649006622516,,,100,100
726,0.21,sn_kjOrdinalDM_xnjNonNormal,24,2,BebmS,3,0.2885102084573787,0.4933954933954934,2.4476153016090394,0.1919191919191919,0.2612597033412115,0.44370860927152317,,,100,100
726,0.21,sn_kjOrdinalDM_xnjNonNormal,25,2,BebmS,3,0.418505075135085,0.7311577311577312,2.3715177297592165,0.31313131313131315,0.029650153724395518,0.08609271523178808,,,100,100
726,0.21,sn_kjOrdinalDM_xnjNonNormal,26,2,BebmS,3,0.447255804683313,0.7078477078477079,2.3562456885973613,0.21717171717171715,0.13936329445337162,0.12582781456953643,,,100,100
726,0.21,sn_kjOrdinalDM_xnjNonNormal,27,2,BebmS,3,0.07392538407871803,0.3550893550893551,2.5638269503911335,0.12121212121212122,0.5077807036173837,0.3576158940397351,,,100,100
726,0.21,sn_kjOrdinalDM_xnjNonNormal,28,2,BebmS,3,0.485138694654043,0.8166278166278166,2.8901437878608705,0.29797979797979796,0.03060262087142838,0.11920529801324503,,,100,100
726,0.21,sn_kjOrdinalDM_xnjNonNormal,29,2,BebmS,3,0.06461757954281465,0.5431235431235432,2.454133363564809,0.20202020202020202,0.2920184204264416,0.013245033112582781,,,100,100
726,0.21,sn_kjOrdinalDM_xnjNonNormal,30,2,BebmS,3,0.20059026376688924,0.5151515151515151,2.399395779768626,0.3636363636363636,0.07444423167457997,0.07947019867549669,,,100,100
726,0.21,sn_kjOrdinalDM_xnjNonNormal,31,2,BebmS,3,0.3458009658834129,0.7031857031857032,3.3980404257774355,0.32323232323232326,0.20004173420962468,0.11920529801324503,,,100,100
726,0.21,sn_kjOrdinalDM_xnjNonNormal,32,2,BebmS,3,0.2704913457034593,0.5058275058275058,2.4350807468096414,0.16666666666666666,0.3335189603077589,0.5099337748344371,,,100,100
726,0.21,sn_kjOrdinalDM_xnjNonNormal,33,2,BebmS,3,0.23952561542537337,0.4358974358974359,2.504794406890869,0.2676767676767677,0.25518730973644027,0.32894736842105265,,,100,100
726,0.21,sn_kjOrdinalDM_xnjNonNormal,34,2,BebmS,3,0.27823186033762476,0.30691530691530694,2.4567048867543537,0.07575757575757576,0.7035124682734666,0.08609271523178808,,,100,100
726,0.21,sn_kjOrdinalDM_xnjNonNormal,35,2,BebmS,3,0.4532838185415715,0.7622377622377622,2.317728114128113,0.18686868686868688,0.20728121085066845,0.271523178807947,,,100,100
726,0.21,sn_kjOrdinalDM_xnjNonNormal,36,2,BebmS,3,0.22217355667964522,0.45143745143745145,2.45692720413208,0.23232323232323235,0.3463682907165969,0.16556291390728478,,,100,100
726,0.21,sn_kjOrdinalDM_xnjNonNormal,37,2,BebmS,3,0.3588294831506655,0.3939393939393939,2.8750038901964823,0.3181818181818182,0.07179864139927211,0.36423841059602646,,,100,100
726,0.21,sn_kjOrdinalDM_xnjNonNormal,38,2,BebmS,3,0.37466009993457283,0.7078477078477079,2.3716514190038045,0.3636363636363636,0.1648380846380188,0.2185430463576159,,,100,100
726,0.21,sn_kjOrdinalDM_xnjNonNormal,39,2,BebmS,3,0.19535180375190003,0.48562548562548563,2.388414470354716,0.2474747474747475,0.3871466861663043,0.08666666666666667,,,100,100
726,0.21,sn_kjOrdinalDM_xnjNonNormal,40,2,BebmS,3,0.3888179275175632,0.7886557886557887,2.253895588715871,0.18686868686868688,0.11245398942054324,0.28289473684210525,,,100,100
726,0.21,sn_kjOrdinalDM_xnjNonNormal,41,2,BebmS,3,0.49080806321304526,0.6456876456876457,2.361766509215037,0.2727272727272727,0.31143552435524885,0.059602649006622516,,,100,100
726,0.21,sn_kjOrdinalDM_xnjNonNormal,42,2,BebmS,3,0.048901360471161864,0.35975135975135974,3.2621864040692645,0.202020202020202,0.182331986120451,0.37748344370860926,,,100,100
726,0.21,sn_kjOrdinalDM_xnjNonNormal,43,2,BebmS,3,0.4238851349615292,0.8135198135198135,2.61818159421285,0.3737373737373737,-0.0038846232234149352,0.33774834437086093,,,100,100
726,0.21,sn_kjOrdinalDM_xnjNonNormal,44,2,BebmS,3,0.053273420288025446,0.31157731157731156,3.12651150226593,0.3383838383838384,-0.014004724072657728,0.423841059602649,,,100,100
726,0.21,sn_kjOrdinalDM_xnjNonNormal,45,2,BebmS,3,0.2526588328867767,0.2975912975912976,3.2073604027430216,0.2272727272727273,0.36917977550504577,0.24,,,100,100
726,0.21,sn_kjOrdinalDM_xnjNonNormal,46,2,BebmS,3,0.3585406437117965,0.655011655011655,2.4110451221466063,0.2474747474747475,0.3416832654829217,0.3576158940397351,,,100,100
726,0.21,sn_kjOrdinalDM_xnjNonNormal,47,2,BebmS,3,0.04003263269879018,0.2804972804972805,2.3241238355636598,0.16161616161616163,0.6829056369289117,0.5298013245033113,,,100,100
726,0.21,sn_kjOrdinalDM_xnjNonNormal,48,2,BebmS,3,0.358351635077306,0.6503496503496503,2.40790342092514,0.2828282828282828,0.1736197221399084,0.42,,,100,100
726,0.21,sn_kjOrdinalDM_xnjNonNormal,49,2,BebmS,3,0.14668681554262375,0.43745143745143744,2.5131097078323363,0.13636363636363638,0.39829788129288735,0.2052980132450331,,,100,100
726,0.21,sn_kjOrdinalDM_xnjNormal,0,1,BebmS,3,0.39522540218257,0.7311577311577312,2.4150540669759115,0.11616161616161617,0.3287187874648137,0.06666666666666667,,,100,100
726,0.21,sn_kjOrdinalDM_xnjNormal,1,1,BebmS,3,0.4610256250651733,0.6534576534576535,2.318407185872396,0.25252525252525254,0.17503836917695678,0.059602649006622516,,,100,100
726,0.21,sn_kjOrdinalDM_xnjNormal,2,1,BebmS,3,0.018534554818562553,0.6254856254856255,2.3949699719746906,0.14646464646464644,0.3677377606508366,0.23841059602649006,,,100,100
726,0.21,sn_kjOrdinalDM_xnjNormal,3,1,BebmS,3,0.1521950359093862,0.1623931623931624,2.5533233523368835,0.07070707070707072,0.8449503090297948,0.0,,,100,100
726,0.21,sn_kjOrdinalDM_xnjNormal,4,1,BebmS,3,0.29801584676334747,0.47785547785547783,2.432635160287221,0.07575757575757576,0.5125653441821165,0.152317880794702,,,100,100
726,0.21,sn_kjOrdinalDM_xnjNormal,5,1,BebmS,3,0.11540634106282159,0.28826728826728826,2.5056532979011537,0.1414141414141414,0.6662645002168375,0.2582781456953642,,,100,100
726,0.21,sn_kjOrdinalDM_xnjNormal,6,1,BebmS,3,0.48698282706131224,0.6565656565656566,2.531069878737132,0.09595959595959595,0.4450861271922728,0.24503311258278146,,,100,100
726,0.21,sn_kjOrdinalDM_xnjNormal,7,1,BebmS,3,0.49298041027195727,0.7451437451437452,2.8227655132611593,0.2626262626262626,0.38895023927215505,0.0,,,100,100
726,0.21,sn_kjOrdinalDM_xnjNormal,8,1,BebmS,3,0.42508789215397724,0.6845376845376845,2.4020687143007913,0.12121212121212122,0.35054932971859554,0.026490066225165563,,,100,100
726,0.21,sn_kjOrdinalDM_xnjNormal,9,1,BebmS,3,0.03552893983964603,0.2913752913752914,2.4928609331448874,0.06060606060606061,0.7587720449615971,0.12582781456953643,,,100,100
726,0.21,sn_kjOrdinalDM_xnjNormal,10,1,BebmS,3,0.3068793584998512,0.5648795648795649,2.4170502066612243,0.12121212121212122,0.5374405209933873,0.052980132450331126,,,100,100
726,0.21,sn_kjOrdinalDM_xnjNormal,11,1,BebmS,3,0.2642045503930001,0.5198135198135199,2.9302377382914226,0.19696969696969693,0.7510100723437964,0.1986754966887417,,,100,100
726,0.21,sn_kjOrdinalDM_xnjNormal,12,1,BebmS,3,0.47772317827124366,0.7995337995337995,2.3609116276105246,0.2272727272727273,0.03445523040090283,0.07947019867549669,,,100,100
726,0.21,sn_kjOrdinalDM_xnjNormal,13,1,BebmS,3,0.22018037211778096,0.44366744366744365,2.3939498543739317,0.24747474747474743,0.29858982485311825,0.1390728476821192,,,100,100
726,0.21,sn_kjOrdinalDM_xnjNormal,14,1,BebmS,3,0.34685010426814156,0.898989898989899,2.3976109504699705,0.2878787878787879,0.0025854334078852146,0.0728476821192053,,,100,100
726,0.21,sn_kjOrdinalDM_xnjNormal,15,1,BebmS,3,0.41346525542346263,0.7777777777777778,2.8145482738812766,0.15151515151515152,0.1516003030971977,0.059602649006622516,,,100,100
726,0.21,sn_kjOrdinalDM_xnjNormal,16,1,BebmS,3,0.12848659024318207,0.4125874125874126,2.409421753883362,0.22727272727272727,0.041953912707652884,0.026490066225165563,,,100,100
726,0.21,sn_kjOrdinalDM_xnjNormal,17,1,BebmS,3,0.28021152757784606,0.7311577311577312,2.400681495666504,0.2676767676767677,0.18824521546661352,0.026490066225165563,,,100,100
726,0.21,sn_kjOrdinalDM_xnjNormal,18,1,BebmS,3,0.13704102598522766,0.3333333333333333,2.636871345837911,0.12626262626262627,0.6039985806523044,0.2847682119205298,,,100,100
726,0.21,sn_kjOrdinalDM_xnjNormal,19,1,BebmS,3,0.08829061655707687,0.6332556332556333,2.4078473448753357,0.21717171717171715,0.44159139228200944,0.059602649006622516,,,100,100
726,0.21,sn_kjOrdinalDM_xnjNormal,20,1,BebmS,3,0.2594660342834052,0.6068376068376068,2.4566215594609577,0.25757575757575757,0.3523264623815736,0.2733333333333333,,,100,100
726,0.21,sn_kjOrdinalDM_xnjNormal,21,1,BebmS,3,0.13622700812882765,0.33022533022533024,8.003692638874053,0.15151515151515152,0.7205610646042796,0.2847682119205298,,,100,100
726,0.21,sn_kjOrdinalDM_xnjNormal,22,1,BebmS,3,0.23589619715275853,0.35664335664335667,2.4981950243314106,0.14646464646464644,0.7913338162438553,0.11842105263157894,,,100,100
726,0.21,sn_kjOrdinalDM_xnjNormal,23,1,BebmS,3,0.47728964992908623,0.8197358197358198,2.4230719168980914,0.26262626262626265,0.1605470625182399,0.18543046357615894,,,100,100
726,0.21,sn_kjOrdinalDM_xnjNormal,24,1,BebmS,3,0.08606967686503847,0.2851592851592852,2.5223689834276835,0.11111111111111112,0.56191420941283,0.013245033112582781,,,100,100
726,0.21,sn_kjOrdinalDM_xnjNormal,25,1,BebmS,3,0.0983742858566424,0.31002331002331,2.366213540236155,0.12626262626262627,0.6684773234971757,0.17218543046357615,,,100,100
726,0.21,sn_kjOrdinalDM_xnjNormal,26,1,BebmS,3,0.3657625030514523,0.6860916860916861,2.3552356163660684,0.2575757575757576,0.1899057745633529,0.19205298013245034,,,100,100
726,0.21,sn_kjOrdinalDM_xnjNormal,27,1,BebmS,3,0.1479340006688201,0.4560994560994561,2.725562898317973,0.0707070707070707,0.650172396739036,0.09868421052631579,,,100,100
726,0.21,sn_kjOrdinalDM_xnjNormal,28,1,BebmS,3,0.3467369849410578,0.668997668997669,2.3950443625450135,0.2474747474747475,0.21018906857079359,0.10596026490066225,,,100,100
726,0.21,sn_kjOrdinalDM_xnjNormal,29,1,BebmS,3,0.36012851589007616,0.714063714063714,2.442820680141449,0.16161616161616163,0.11582857186244049,0.11258278145695365,,,100,100
726,0.21,sn_kjOrdinalDM_xnjNormal,30,1,BebmS,3,0.028864606398027015,0.21212121212121213,2.4800460855166118,0.2424242424242424,0.2936745358517088,0.152317880794702,,,100,100
726,0.21,sn_kjOrdinalDM_xnjNormal,31,1,BebmS,3,0.10991402420535787,0.4794094794094794,2.9019252181053163,0.2878787878787879,0.5442476953490036,1.0397350993377483,,,100,100
726,0.21,sn_kjOrdinalDM_xnjNormal,32,1,BebmS,3,0.18425430505336826,0.38927738927738925,2.3467172225316366,0.21212121212121213,0.47975654119514843,0.09271523178807947,,,100,100
726,0.21,sn_kjOrdinalDM_xnjNormal,33,1,BebmS,3,0.2789174058924357,0.21367521367521367,2.4056458274523416,0.08585858585858586,0.8086578922793229,0.07333333333333333,,,100,100
726,0.21,sn_kjOrdinalDM_xnjNormal,34,1,BebmS,3,0.17874333962737052,0.23076923076923078,2.856517767906189,0.1414141414141414,0.36945783878718946,0.046357615894039736,,,100,100
726,0.21,sn_kjOrdinalDM_xnjNormal,35,1,BebmS,3,0.47698267515318593,0.752913752913753,2.407100264231364,0.2525252525252525,0.032321677114080384,0.09933774834437085,,,100,100
726,0.21,sn_kjOrdinalDM_xnjNormal,36,1,BebmS,3,0.1786539034592917,0.4094794094794095,2.4420807282129924,0.13636363636363638,0.6729614589958743,0.013245033112582781,,,100,100
726,0.21,sn_kjOrdinalDM_xnjNormal,37,1,BebmS,3,0.3083216355637773,0.526029526029526,2.4146909991900127,0.1717171717171717,0.49190863789079686,1.0,,,100,100
726,0.21,sn_kjOrdinalDM_xnjNormal,38,1,BebmS,3,0.40824667574455875,0.6767676767676768,2.4374023993810017,0.1414141414141414,0.45650017610111093,0.09271523178807947,,,100,100
726,0.21,sn_kjOrdinalDM_xnjNormal,39,1,BebmS,3,0.02663627369170269,0.3271173271173271,2.468753429253896,0.10606060606060606,0.5733210664282323,0.16556291390728478,,,100,100
726,0.21,sn_kjOrdinalDM_xnjNormal,40,1,BebmS,3,0.16662835611269303,0.508935508935509,2.355961799621582,0.2272727272727273,0.5439343596423267,0.15789473684210525,,,100,100
726,0.21,sn_kjOrdinalDM_xnjNormal,41,1,BebmS,3,0.12561855433979657,0.1561771561771562,2.7108864188194275,0.25757575757575757,0.48579054175758407,0.1390728476821192,,,100,100
726,0.21,sn_kjOrdinalDM_xnjNormal,42,1,BebmS,3,0.20534191900317633,0.37373737373737376,2.379077434539795,0.29292929292929293,0.35778271909085796,0.12582781456953643,,,100,100
726,0.21,sn_kjOrdinalDM_xnjNormal,43,1,BebmS,3,0.35398377228124145,0.5586635586635587,2.8634166955947875,0.08585858585858586,0.508660253758541,0.11258278145695365,,,100,100
726,0.21,sn_kjOrdinalDM_xnjNormal,44,1,BebmS,3,0.19459750254301286,0.4188034188034188,2.9041062593460083,0.17676767676767677,0.3264346131754908,0.11920529801324503,,,100,100
726,0.21,sn_kjOrdinalDM_xnjNormal,45,1,BebmS,3,0.31915817802379653,0.5508935508935509,2.3606746554374696,0.15151515151515152,0.17747945704093238,0.04,,,100,100
726,0.21,sn_kjOrdinalDM_xnjNormal,46,1,BebmS,3,0.4524078090960789,0.6083916083916084,2.343375635147095,0.16666666666666666,0.3742844587889106,0.06622516556291391,,,100,100
726,0.21,sn_kjOrdinalDM_xnjNormal,47,1,BebmS,3,0.4157138727702489,0.7606837606837606,2.496513076623281,0.29797979797979796,0.3152090687639044,0.08,,,100,100
726,0.21,sn_kjOrdinalDM_xnjNormal,48,1,BebmS,3,0.46327039526759883,0.6052836052836053,2.3797906478246054,0.202020202020202,0.5964328581238905,0.08,,,100,100
726,0.21,sn_kjOrdinalDM_xnjNormal,49,1,BebmS,3,0.20983392027003867,0.5446775446775447,2.5008606990178426,0.10101010101010101,0.6291849247483541,0.09271523178807947,,,100,100
726,0.21,sn_kjOrdinalUniform_xnjNonNormal,0,4,BebmS,3,0.12093576750022883,0.23543123543123542,2.3574992338816325,0.14646464646464646,0.384593182659193,0.3708609271523179,,,100,100
726,0.21,sn_kjOrdinalUniform_xnjNonNormal,1,4,BebmS,3,0.3120112643849375,0.7125097125097125,2.2882227063179017,0.26262626262626265,0.03776096042034413,0.6291390728476821,,,100,100
726,0.21,sn_kjOrdinalUniform_xnjNonNormal,2,4,BebmS,3,0.10470370285420916,0.17016317016317017,2.691453798611959,0.21212121212121207,0.43660888473612186,0.47333333333333333,,,100,100
726,0.21,sn_kjOrdinalUniform_xnjNonNormal,3,4,BebmS,3,0.4896491377147113,0.7062937062937062,2.50122168858846,0.3636363636363636,0.08938738555595735,0.3708609271523179,,,100,100
726,0.21,sn_kjOrdinalUniform_xnjNonNormal,4,4,BebmS,3,0.2923655526453622,0.4483294483294483,2.357064187526703,0.15656565656565657,0.19950960376197696,0.5761589403973509,,,100,100
726,0.21,sn_kjOrdinalUniform_xnjNonNormal,5,4,BebmS,3,0.48049462072108884,0.5011655011655012,3.251615917682648,0.16161616161616163,0.3591534296245187,0.23841059602649006,,,100,100
726,0.21,sn_kjOrdinalUniform_xnjNonNormal,6,4,BebmS,3,0.25445735376269113,0.4933954933954934,2.421744195620219,0.15151515151515152,0.2726782831394121,0.2185430463576159,,,100,100
726,0.21,sn_kjOrdinalUniform_xnjNonNormal,7,4,BebmS,3,0.2459689773380718,0.43745143745143744,2.834534466266632,0.20707070707070707,0.255660862084211,0.2847682119205298,,,100,100
726,0.21,sn_kjOrdinalUniform_xnjNonNormal,8,4,BebmS,3,0.1663368569295517,0.14840714840714841,2.3684688806533813,0.2878787878787879,0.11611984156000221,0.45695364238410596,,,100,100
726,0.21,sn_kjOrdinalUniform_xnjNonNormal,9,4,BebmS,3,0.4385557383255966,0.7777777777777778,2.803593079249064,0.21212121212121213,0.09936986692748885,0.1456953642384106,,,100,100
726,0.21,sn_kjOrdinalUniform_xnjNonNormal,10,4,BebmS,3,0.4160912889802237,0.5135975135975136,2.9316516677538553,0.27272727272727276,0.15586933863792293,0.033112582781456956,,,100,100
726,0.21,sn_kjOrdinalUniform_xnjNonNormal,11,4,BebmS,3,0.2973641276485281,0.5695415695415695,2.3517292737960815,0.19191919191919193,0.3400481379852986,0.33774834437086093,,,100,100
726,0.21,sn_kjOrdinalUniform_xnjNonNormal,12,4,BebmS,3,0.15919068667510977,0.3815073815073815,2.3964621225992837,0.23737373737373738,0.10593422804684915,0.059602649006622516,,,100,100
726,0.21,sn_kjOrdinalUniform_xnjNonNormal,13,4,BebmS,3,0.25302211495979965,0.54001554001554,2.361476731300354,0.2777777777777778,0.1502927125470057,1.2866666666666666,,,100,100
726,0.21,sn_kjOrdinalUniform_xnjNonNormal,14,4,BebmS,3,0.33781581582418435,0.6612276612276612,2.895650486151377,0.24242424242424243,0.11478066549643827,0.1390728476821192,,,100,100
726,0.21,sn_kjOrdinalUniform_xnjNonNormal,15,4,BebmS,3,0.48545142165133504,0.6254856254856255,2.456050252914429,0.14646464646464644,0.31232308248698415,0.08,,,100,100
726,0.21,sn_kjOrdinalUniform_xnjNonNormal,16,4,BebmS,3,0.2663606592847001,0.5011655011655012,2.3485360225041707,0.21717171717171715,0.10251660613450456,0.86,,,100,100
726,0.21,sn_kjOrdinalUniform_xnjNonNormal,17,4,BebmS,3,0.24099782807134962,0.3690753690753691,2.449602933724721,0.15151515151515152,0.1439645380834826,0.046357615894039736,,,100,100
726,0.21,sn_kjOrdinalUniform_xnjNonNormal,18,4,BebmS,3,0.3982818618148656,0.6363636363636364,2.428114457925161,0.20707070707070707,0.10334570255373877,0.2251655629139073,,,100,100
726,0.21,sn_kjOrdinalUniform_xnjNonNormal,19,4,BebmS,3,0.4310945660493982,0.6363636363636364,2.3586139996846516,0.2626262626262626,0.26919589242819136,1.0662251655629138,,,100,100
726,0.21,sn_kjOrdinalUniform_xnjNonNormal,20,4,BebmS,3,0.034214600761201974,0.6114996114996115,2.444704258441925,0.21212121212121213,0.04696621006373401,0.16,,,100,100
726,0.21,sn_kjOrdinalUniform_xnjNonNormal,21,4,BebmS,3,0.34780595076585585,0.5058275058275058,2.369883139928182,0.24242424242424243,0.008601968416444358,0.9271523178807947,,,100,100
726,0.21,sn_kjOrdinalUniform_xnjNonNormal,22,4,BebmS,3,0.43122053497714424,0.6767676767676768,2.348613997300466,0.20707070707070707,0.022756560716053698,0.19333333333333333,,,100,100
726,0.21,sn_kjOrdinalUniform_xnjNonNormal,23,4,BebmS,3,0.18183028132308773,0.4965034965034965,2.4954628547032676,0.24242424242424243,0.01938039071431377,0.3973509933774834,,,100,100
726,0.21,sn_kjOrdinalUniform_xnjNonNormal,24,4,BebmS,3,0.07140259095162615,0.1452991452991453,3.026669899622599,0.25757575757575757,0.2987912431451013,0.4966887417218543,,,100,100
726,0.21,sn_kjOrdinalUniform_xnjNonNormal,25,4,BebmS,3,0.08936635996623896,0.2665112665112665,2.5056198040644326,0.12626262626262627,0.41184621152864775,0.40397350993377484,,,100,100
726,0.21,sn_kjOrdinalUniform_xnjNonNormal,26,4,BebmS,3,0.0707460702828493,0.40326340326340326,2.466634754339854,0.3282828282828283,0.3151662739339741,0.304635761589404,,,100,100
726,0.21,sn_kjOrdinalUniform_xnjNonNormal,27,4,BebmS,3,0.3512925725493604,0.6114996114996115,2.4343438744544983,0.23232323232323235,0.08978973698127198,0.34868421052631576,,,100,100
726,0.21,sn_kjOrdinalUniform_xnjNonNormal,28,4,BebmS,3,0.14553940293146939,0.2602952602952603,2.3260157545407614,0.101010101010101,0.3626759161213188,0.2251655629139073,,,100,100
726,0.21,sn_kjOrdinalUniform_xnjNonNormal,29,4,BebmS,3,0.42700875881402306,0.6581196581196581,2.3931557337443032,0.2727272727272727,0.06533554756012264,0.19333333333333333,,,100,100
726,0.21,sn_kjOrdinalUniform_xnjNonNormal,30,4,BebmS,3,0.3963724046816392,0.4794094794094794,2.4632822910944623,0.29292929292929293,0.19929281175688182,0.026490066225165563,,,100,100
726,0.21,sn_kjOrdinalUniform_xnjNonNormal,31,4,BebmS,3,0.388206405974898,0.6223776223776224,2.2694695472717283,0.23232323232323235,0.23221085143385378,0.16,,,100,100
726,0.21,sn_kjOrdinalUniform_xnjNonNormal,32,4,BebmS,3,0.045643373669066734,0.17016317016317017,2.3715585311253866,0.3636363636363636,0.13039543417460736,0.23841059602649006,,,100,100
726,0.21,sn_kjOrdinalUniform_xnjNonNormal,33,4,BebmS,3,0.06833924238950777,0.5493395493395493,2.3980703274408977,0.2727272727272727,0.13321468724062915,0.304635761589404,,,100,100
726,0.21,sn_kjOrdinalUniform_xnjNonNormal,34,4,BebmS,3,0.07980506901867285,0.29914529914529914,2.6492798288663226,0.2474747474747475,0.09381880576546782,0.16556291390728478,,,100,100
726,0.21,sn_kjOrdinalUniform_xnjNonNormal,35,4,BebmS,3,0.48227844543761395,0.5306915306915307,2.386874047915141,0.1919191919191919,0.2556686578463157,0.18543046357615894,,,100,100
726,0.21,sn_kjOrdinalUniform_xnjNonNormal,36,4,BebmS,3,0.26319078052042255,0.4125874125874126,2.9083479762077333,0.2272727272727273,0.13902998867345812,0.2781456953642384,,,100,100
726,0.21,sn_kjOrdinalUniform_xnjNonNormal,37,4,BebmS,3,0.44926093895283153,0.7342657342657343,2.4600260893503827,0.19191919191919193,-0.0013236607648988684,0.24503311258278146,,,100,100
726,0.21,sn_kjOrdinalUniform_xnjNonNormal,38,4,BebmS,3,0.3035375609071234,0.4933954933954934,2.4527976552645367,0.11111111111111112,0.29390306441822056,0.07947019867549669,,,100,100
726,0.21,sn_kjOrdinalUniform_xnjNonNormal,39,4,BebmS,3,0.07290378956960832,0.31002331002331,2.395207937558492,0.2777777777777778,0.19186559158400218,0.18543046357615894,,,100,100
726,0.21,sn_kjOrdinalUniform_xnjNonNormal,40,4,BebmS,3,0.11909455343578608,0.3504273504273504,2.3381187756856283,0.24242424242424243,0.13154820702133851,0.6423841059602649,,,100,100
726,0.21,sn_kjOrdinalUniform_xnjNonNormal,41,4,BebmS,3,0.2854352473757807,0.31002331002331,3.2440879185994467,0.3333333333333333,0.2007488292983309,0.1390728476821192,,,100,100
726,0.21,sn_kjOrdinalUniform_xnjNonNormal,42,4,BebmS,3,0.34263050279472423,0.4405594405594406,2.4490742166837056,0.30303030303030304,0.09315072185893876,0.2913907284768212,,,100,100
726,0.21,sn_kjOrdinalUniform_xnjNonNormal,43,4,BebmS,3,0.1251582159543919,0.3690753690753691,2.4409422914187116,0.25757575757575757,0.18109113780325228,0.18543046357615894,,,100,100
726,0.21,sn_kjOrdinalUniform_xnjNonNormal,44,4,BebmS,3,0.17797551816750753,0.34265734265734266,2.3377649108568828,0.18686868686868685,0.2448345957943698,0.3355263157894737,,,100,100
726,0.21,sn_kjOrdinalUniform_xnjNonNormal,45,4,BebmS,3,0.18076147440047569,0.5493395493395493,2.4091291546821596,0.20202020202020202,0.18255564965269425,0.09933774834437085,,,100,100
726,0.21,sn_kjOrdinalUniform_xnjNonNormal,46,4,BebmS,3,0.49392319168908927,0.8212898212898213,2.634259343147278,0.21212121212121213,0.12320771709108497,0.39072847682119205,,,100,100
726,0.21,sn_kjOrdinalUniform_xnjNonNormal,47,4,BebmS,3,0.35575416428079903,0.5369075369075369,2.5955541849136354,0.196969696969697,0.14757927981468386,0.2847682119205298,,,100,100
726,0.21,sn_kjOrdinalUniform_xnjNonNormal,48,4,BebmS,3,0.12213456118499365,0.7389277389277389,2.426025903224945,0.15656565656565657,0.1610493674044656,0.48,,,100,100
726,0.21,sn_kjOrdinalUniform_xnjNonNormal,49,4,BebmS,3,0.16885960225720836,0.3038073038073038,2.489809036254883,0.10101010101010101,0.3388323965515663,0.16556291390728478,,,100,100
726,0.21,sn_kjOrdinalUniform_xnjNormal,0,3,BebmS,3,0.25234032968160425,0.31002331002331,2.363760022322337,0.25252525252525254,0.4444728474527858,0.12582781456953643,,,100,100
726,0.21,sn_kjOrdinalUniform_xnjNormal,1,3,BebmS,3,0.4806302566061306,0.7544677544677545,2.552612082163493,0.18686868686868685,0.1370091739747033,0.046357615894039736,,,100,100
726,0.21,sn_kjOrdinalUniform_xnjNormal,2,3,BebmS,3,0.01695105187871581,0.3442113442113442,2.3679526408513385,0.18181818181818185,0.25610968621586155,0.31788079470198677,,,100,100
726,0.21,sn_kjOrdinalUniform_xnjNormal,3,3,BebmS,3,0.286331890010081,0.39704739704739705,2.357365135351817,0.16161616161616163,0.21402308292014094,0.13333333333333333,,,100,100
726,0.21,sn_kjOrdinalUniform_xnjNormal,4,3,BebmS,3,0.36008328100507037,0.6860916860916861,2.561789000034332,0.23737373737373735,0.2220635602004419,0.10596026490066225,,,100,100
726,0.21,sn_kjOrdinalUniform_xnjNormal,5,3,BebmS,3,0.29409855402088075,0.3815073815073815,2.5065300464630127,0.11616161616161617,0.5471584466156836,0.11258278145695365,,,100,100
726,0.21,sn_kjOrdinalUniform_xnjNormal,6,3,BebmS,3,0.14519180254287575,0.494949494949495,2.3363336324691772,0.08080808080808081,0.450626627208379,0.07333333333333333,,,100,100
726,0.21,sn_kjOrdinalUniform_xnjNormal,7,3,BebmS,3,0.07119363388319896,0.5773115773115773,2.359267445405324,0.29797979797979796,0.2433609544836485,0.0,,,100,100
726,0.21,sn_kjOrdinalUniform_xnjNormal,8,3,BebmS,3,0.31521623317526143,0.43745143745143744,2.4823703368504844,0.18686868686868685,0.24705605943139208,0.16556291390728478,,,100,100
726,0.21,sn_kjOrdinalUniform_xnjNormal,9,3,BebmS,3,0.17891112186189181,0.5213675213675214,2.3900657534599303,0.25252525252525254,0.17738647628016682,0.34,,,100,100
726,0.21,sn_kjOrdinalUniform_xnjNormal,10,3,BebmS,3,0.21352236155927973,0.3923853923853924,2.370288872718811,0.08585858585858586,0.46997143332740576,0.13245033112582782,,,100,100
726,0.21,sn_kjOrdinalUniform_xnjNormal,11,3,BebmS,3,0.2257593623969134,0.5027195027195027,2.381013544400533,0.0707070707070707,0.39597581760032424,0.07947019867549669,,,100,100
726,0.21,sn_kjOrdinalUniform_xnjNormal,12,3,BebmS,3,0.16367741592897334,0.35975135975135974,2.361354351043701,0.0707070707070707,0.323092517429885,0.12,,,100,100
726,0.21,sn_kjOrdinalUniform_xnjNormal,13,3,BebmS,3,0.4813785462916097,0.6285936285936286,2.355940262476603,0.2272727272727273,0.2139821825340636,0.10666666666666667,,,100,100
726,0.21,sn_kjOrdinalUniform_xnjNormal,14,3,BebmS,3,0.18289300816010648,0.34265734265734266,2.5303944746653237,0.10606060606060606,0.4915583766229918,0.2185430463576159,,,100,100
726,0.21,sn_kjOrdinalUniform_xnjNormal,15,3,BebmS,3,0.4924692085022158,0.7187257187257188,2.346880304813385,0.06565656565656565,0.2597545092435916,0.09271523178807947,,,100,100
726,0.21,sn_kjOrdinalUniform_xnjNormal,16,3,BebmS,3,0.3686828099687516,0.7404817404817405,2.8706936478614806,0.20202020202020202,0.08608778558738671,0.1390728476821192,,,100,100
726,0.21,sn_kjOrdinalUniform_xnjNormal,17,3,BebmS,3,0.10438367131166183,0.439005439005439,2.3840519030888876,0.24242424242424243,0.42572631225868,0.09271523178807947,,,100,100
726,0.21,sn_kjOrdinalUniform_xnjNormal,18,3,BebmS,3,0.02059365577399582,0.4887334887334887,2.754485098520915,0.18686868686868688,0.10024532711103068,0.10596026490066225,,,100,100
726,0.21,sn_kjOrdinalUniform_xnjNormal,19,3,BebmS,3,0.08840597312024628,0.36596736596736595,2.372926342487335,0.1717171717171717,0.3202315784419597,0.32894736842105265,,,100,100
726,0.21,sn_kjOrdinalUniform_xnjNormal,20,3,BebmS,3,0.4285086881132977,0.5835275835275835,2.3667417685190837,0.08585858585858586,0.2236148886580791,0.059602649006622516,,,100,100
726,0.21,sn_kjOrdinalUniform_xnjNormal,21,3,BebmS,3,0.2105908370272585,0.4156954156954157,2.964094603061676,0.1616161616161616,0.1401295293883303,0.10596026490066225,,,100,100
726,0.21,sn_kjOrdinalUniform_xnjNormal,22,3,BebmS,3,0.4525327943629546,0.5928515928515928,2.340029247601827,0.1464646464646465,0.13447858055607545,0.07236842105263158,,,100,100
726,0.21,sn_kjOrdinalUniform_xnjNormal,23,3,BebmS,3,0.24735122204631282,0.7948717948717948,2.406737716992696,0.18181818181818185,0.10218116948080709,0.17333333333333334,,,100,100
726,0.21,sn_kjOrdinalUniform_xnjNormal,24,3,BebmS,3,0.2848279147606292,0.797979797979798,2.4084902087847393,0.1313131313131313,0.12012466053967702,0.08609271523178808,,,100,100
726,0.21,sn_kjOrdinalUniform_xnjNormal,25,3,BebmS,3,0.07235522078954267,0.3411033411033411,2.420920983950297,0.2474747474747475,0.1533119449540749,0.059602649006622516,,,100,100
726,0.21,sn_kjOrdinalUniform_xnjNormal,26,3,BebmS,3,0.05321299053244318,0.2742812742812743,2.3677227814992268,0.2171717171717172,0.1933539658247368,0.2582781456953642,,,100,100
726,0.21,sn_kjOrdinalUniform_xnjNormal,27,3,BebmS,3,0.13821711040166784,0.1686091686091686,2.5344032684961957,0.14646464646464646,0.4721102421065536,0.13245033112582782,,,100,100
726,0.21,sn_kjOrdinalUniform_xnjNormal,28,3,BebmS,3,0.07609870839776241,0.4125874125874126,2.4596404910087584,0.15151515151515152,0.5314939310799625,0.17763157894736842,,,100,100
726,0.21,sn_kjOrdinalUniform_xnjNormal,29,3,BebmS,3,0.22728871266278486,0.5167055167055167,2.5185482700665793,0.13636363636363635,0.25837836012061555,0.20666666666666667,,,100,100
726,0.21,sn_kjOrdinalUniform_xnjNormal,30,3,BebmS,3,0.311203885447132,0.5291375291375291,2.293732166290283,0.25252525252525254,0.22480992296894173,0.019867549668874173,,,100,100
726,0.21,sn_kjOrdinalUniform_xnjNormal,31,3,BebmS,3,0.06095942593738493,0.37995337995337997,2.2902024070421856,0.1414141414141414,0.42696784274287836,0.17880794701986755,,,100,100
726,0.21,sn_kjOrdinalUniform_xnjNormal,32,3,BebmS,3,0.4936985797244599,0.6363636363636364,2.6717491785685223,0.16666666666666666,0.21025416233852906,0.33774834437086093,,,100,100
726,0.21,sn_kjOrdinalUniform_xnjNormal,33,3,BebmS,3,0.4318570593508268,0.5788655788655789,2.776384202639262,0.1414141414141414,0.23991728366775122,0.059602649006622516,,,100,100
726,0.21,sn_kjOrdinalUniform_xnjNormal,34,3,BebmS,3,0.3367757970671519,0.6379176379176379,2.634861346085866,0.2878787878787879,0.04406227402130042,0.09271523178807947,,,100,100
726,0.21,sn_kjOrdinalUniform_xnjNormal,35,3,BebmS,3,0.05827463861265963,0.5462315462315462,3.170862917105357,0.21212121212121213,0.0946126173379429,0.09933774834437085,,,100,100
726,0.21,sn_kjOrdinalUniform_xnjNormal,36,3,BebmS,3,0.09035083127844677,0.12665112665112666,2.5191568891207377,0.10606060606060606,0.5157527461191357,0.046357615894039736,,,100,100
726,0.21,sn_kjOrdinalUniform_xnjNormal,37,3,BebmS,3,0.35539934137877344,0.6052836052836053,2.349817983309428,0.23232323232323235,0.21778191496019875,0.039735099337748346,,,100,100
726,0.21,sn_kjOrdinalUniform_xnjNormal,38,3,BebmS,3,0.07028954029225833,0.17016317016317017,2.4086899598439535,0.12626262626262627,0.5557584749905534,0.2251655629139073,,,100,100
726,0.21,sn_kjOrdinalUniform_xnjNormal,39,3,BebmS,3,0.08900874705914667,0.425019425019425,2.3725146214167276,0.2323232323232323,0.24404235003800337,0.23178807947019867,,,100,100
726,0.21,sn_kjOrdinalUniform_xnjNormal,40,3,BebmS,3,0.10519079531699312,0.22766122766122765,2.3665263851483664,0.1818181818181818,0.4042878055852779,0.24503311258278146,,,100,100
726,0.21,sn_kjOrdinalUniform_xnjNormal,41,3,BebmS,3,0.16645698555306576,0.425019425019425,2.413847057024638,0.16666666666666666,0.15134890421460503,0.033112582781456956,,,100,100
726,0.21,sn_kjOrdinalUniform_xnjNormal,42,3,BebmS,3,0.08792021612489738,0.3006993006993007,2.4544394254684447,0.17676767676767677,0.23517797213058314,0.02666666666666667,,,100,100
726,0.21,sn_kjOrdinalUniform_xnjNormal,43,3,BebmS,3,0.12474572266608155,0.5462315462315462,8.973986188570658,0.21717171717171715,0.20289923454678332,0.12582781456953643,,,100,100
726,0.21,sn_kjOrdinalUniform_xnjNormal,44,3,BebmS,3,0.2559598984744043,0.7016317016317016,2.5724156657854715,0.19696969696969693,0.1408862983732457,0.09271523178807947,,,100,100
726,0.21,sn_kjOrdinalUniform_xnjNormal,45,3,BebmS,3,0.49569845639748017,0.8383838383838383,2.356280318895976,0.13636363636363638,0.1741411731333782,0.17880794701986755,,,100,100
726,0.21,sn_kjOrdinalUniform_xnjNormal,46,3,BebmS,3,0.2454875830538332,0.508935508935509,2.588326334953308,0.24242424242424243,0.17196644385485083,0.35333333333333333,,,100,100
726,0.21,sn_kjOrdinalUniform_xnjNormal,47,3,BebmS,3,0.2571297536620979,0.4560994560994561,3.4317819833755494,0.16666666666666666,0.2276805178269713,0.33774834437086093,,,100,100
726,0.21,sn_kjOrdinalUniform_xnjNormal,48,3,BebmS,3,0.3821645621562983,0.5881895881895882,2.372637955347697,0.20202020202020202,0.16674112363998572,0.64,,,100,100
726,0.21,sn_kjOrdinalUniform_xnjNormal,49,3,BebmS,3,0.47549309968488035,0.6394716394716394,3.048334542910258,0.1414141414141414,0.2233270014838194,0.1390728476821192,,,100,100
726,0.21,xiNearNormalWithNoise_kjContinuousBeta_sigmoid,0,8,BebmS,3,0.34005775171895086,0.3986013986013986,2.371267239252726,0.2777777777777778,0.057325995283881104,0.0,,,100,100
726,0.21,xiNearNormalWithNoise_kjContinuousBeta_sigmoid,1,8,BebmS,3,0.15139563447041604,0.14685314685314685,2.367060089111328,0.15151515151515152,0.2684773867156771,0.033112582781456956,,,100,100
726,0.21,xiNearNormalWithNoise_kjContinuousBeta_sigmoid,2,8,BebmS,3,0.013738100775074966,0.40792540792540793,2.2822694381078086,0.12626262626262627,0.2443904196515216,0.06666666666666667,,,100,100
726,0.21,xiNearNormalWithNoise_kjContinuousBeta_sigmoid,3,8,BebmS,3,0.20703602715649339,0.5073815073815073,2.370372744401296,0.28787878787878785,0.026039348789500386,0.013333333333333334,,,100,100
726,0.21,xiNearNormalWithNoise_kjContinuousBeta_sigmoid,4,8,BebmS,3,0.2949390351720893,0.4996114996114996,2.3489841262499493,0.23737373737373738,0.17292468827699842,0.052980132450331126,,,100,100
726,0.21,xiNearNormalWithNoise_kjContinuousBeta_sigmoid,5,8,BebmS,3,0.4339098484137373,0.4467754467754468,2.7705984512964883,0.19191919191919193,0.21035049706041029,0.013245033112582781,,,100,100
726,0.21,xiNearNormalWithNoise_kjContinuousBeta_sigmoid,6,8,BebmS,3,0.34205426097036595,0.5275835275835276,2.3439709901809693,0.20707070707070707,0.25894544402465086,0.006622516556291391,,,100,100
726,0.21,xiNearNormalWithNoise_kjContinuousBeta_sigmoid,7,8,BebmS,3,0.2815037001677473,0.4234654234654235,2.386096135775248,0.24242424242424243,0.031004665148347984,0.026490066225165563,,,100,100
726,0.21,xiNearNormalWithNoise_kjContinuousBeta_sigmoid,8,8,BebmS,3,0.047992636733489275,0.3333333333333333,2.579263679186503,0.1313131313131313,0.09730062093469558,0.013333333333333334,,,100,100
726,0.21,xiNearNormalWithNoise_kjContinuousBeta_sigmoid,9,8,BebmS,3,0.2755387117560516,0.5073815073815073,2.346977972984314,0.2222222222222222,0.03290807575853954,0.059602649006622516,,,100,100
726,0.21,xiNearNormalWithNoise_kjContinuousBeta_sigmoid,10,8,BebmS,3,0.1125386125587454,0.2338772338772339,3.287449359893799,0.16666666666666666,0.3136155421455578,0.052980132450331126,,,100,100
726,0.21,xiNearNormalWithNoise_kjContinuousBeta_sigmoid,11,8,BebmS,3,0.12276806914717919,0.3504273504273504,2.486159447828929,0.1717171717171717,0.21073389912174037,0.013245033112582781,,,100,100
726,0.21,xiNearNormalWithNoise_kjContinuousBeta_sigmoid,12,8,BebmS,3,0.12165649268733382,0.2463092463092463,2.340697697798411,0.1414141414141414,0.31554499727830704,0.0,,,100,100
726,0.21,xiNearNormalWithNoise_kjContinuousBeta_sigmoid,13,8,BebmS,3,0.4623758842094144,0.5027195027195027,2.6080490668614704,0.2575757575757576,0.16908886650304658,0.052980132450331126,,,100,100
726,0.21,xiNearNormalWithNoise_kjContinuousBeta_sigmoid,14,8,BebmS,3,0.3379292813581217,0.47785547785547783,2.4300317923227945,0.12121212121212122,0.12155536507553384,0.013333333333333334,,,100,100
726,0.21,xiNearNormalWithNoise_kjContinuousBeta_sigmoid,15,8,BebmS,3,0.42506628743163816,0.5975135975135976,2.382810688018799,0.15151515151515152,0.06527461810764795,0.0,,,100,100
726,0.21,xiNearNormalWithNoise_kjContinuousBeta_sigmoid,16,8,BebmS,3,0.27350077530551625,0.7886557886557887,2.700800343354543,0.202020202020202,-0.00162828939570429,0.026490066225165563,,,100,100
726,0.21,xiNearNormalWithNoise_kjContinuousBeta_sigmoid,17,8,BebmS,3,0.4246231511038803,0.7839937839937839,2.343630814552307,0.21717171717171715,0.28651488504461126,0.08609271523178808,,,100,100
726,0.21,xiNearNormalWithNoise_kjContinuousBeta_sigmoid,18,8,BebmS,3,0.24334934470259106,0.4219114219114219,2.3534788846969605,0.1313131313131313,0.06909973879259797,0.006622516556291391,,,100,100
726,0.21,xiNearNormalWithNoise_kjContinuousBeta_sigmoid,19,8,BebmS,3,0.3357413015770948,0.5586635586635587,2.4250279307365417,0.2424242424242424,0.25499211608785516,0.0,,,100,100
726,0.21,xiNearNormalWithNoise_kjContinuousBeta_sigmoid,20,8,BebmS,3,0.17367996751026693,0.5042735042735043,2.6277994235356648,0.27777777777777773,0.1812126156130678,0.006622516556291391,,,100,100
726,0.21,xiNearNormalWithNoise_kjContinuousBeta_sigmoid,21,8,BebmS,3,0.0454176710897698,0.08469308469308469,3.248867479960124,0.2929292929292929,-0.04581104894130419,0.0,,,100,100
726,0.21,xiNearNormalWithNoise_kjContinuousBeta_sigmoid,22,8,BebmS,3,0.35205938887749333,0.6581196581196581,2.495733141899109,0.25757575757575757,0.001566151014899493,0.06622516556291391,,,100,100
726,0.21,xiNearNormalWithNoise_kjContinuousBeta_sigmoid,23,8,BebmS,3,0.39156420499365974,0.49805749805749805,2.461088788509369,0.29292929292929293,0.12814432193397554,0.052980132450331126,,,100,100
726,0.21,xiNearNormalWithNoise_kjContinuousBeta_sigmoid,24,8,BebmS,3,0.3281214164968225,0.5617715617715617,2.3897655804951987,0.23737373737373738,0.10161331815723772,0.0,,,100,100
726,0.21,xiNearNormalWithNoise_kjContinuousBeta_sigmoid,25,8,BebmS,3,0.05594643865239306,0.2898212898212898,2.605618405342102,0.21717171717171715,0.1566125487401452,0.0,,,100,100
726,0.21,xiNearNormalWithNoise_kjContinuousBeta_sigmoid,26,8,BebmS,3,0.45421816709693,0.8088578088578089,2.3162540634473165,0.21717171717171715,0.10556627944604689,0.04,,,100,100
726,0.21,xiNearNormalWithNoise_kjContinuousBeta_sigmoid,27,8,BebmS,3,0.2131121649992871,0.4996114996114996,2.413209847609202,0.27272727272727276,0.15675376289275342,0.0,,,100,100
726,0.21,xiNearNormalWithNoise_kjContinuousBeta_sigmoid,28,8,BebmS,3,0.026639369000061225,0.29603729603729606,2.660585025946299,0.13636363636363635,0.48703132379119357,0.2185430463576159,,,100,100
726,0.21,xiNearNormalWithNoise_kjContinuousBeta_sigmoid,29,8,BebmS,3,0.04680458895296406,0.24164724164724163,3.17322651942571,0.1919191919191919,0.11827973053670228,0.0,,,100,100
726,0.21,xiNearNormalWithNoise_kjContinuousBeta_sigmoid,30,8,BebmS,3,0.33028516612623093,0.6581196581196581,2.4096248388290404,0.27272727272727276,-0.0026641000638309474,0.006666666666666667,,,100,100
726,0.21,xiNearNormalWithNoise_kjContinuousBeta_sigmoid,31,8,BebmS,3,0.1693457303748676,0.31002331002331,2.3397525787353515,0.24242424242424243,0.3305710118206702,0.03333333333333333,,,100,100
726,0.21,xiNearNormalWithNoise_kjContinuousBeta_sigmoid,32,8,BebmS,3,0.19138387568551818,0.4965034965034965,2.3756508866945905,0.202020202020202,0.2621213949446659,0.052980132450331126,,,100,100
726,0.21,xiNearNormalWithNoise_kjContinuousBeta_sigmoid,33,8,BebmS,3,0.47772872161696667,0.6177156177156177,2.3822737097740174,0.297979797979798,0.08605690784281236,0.019867549668874173,,,100,100
726,0.21,xiNearNormalWithNoise_kjContinuousBeta_sigmoid,34,8,BebmS,3,0.32851089870090533,0.5275835275835276,2.3939901908238728,0.20202020202020202,0.012484099458580148,0.08,,,100,100
726,0.21,xiNearNormalWithNoise_kjContinuousBeta_sigmoid,35,8,BebmS,3,0.17557070346495263,0.44522144522144524,2.4912874658902484,0.2727272727272727,0.025702398574598943,0.013245033112582781,,,100,100
726,0.21,xiNearNormalWithNoise_kjContinuousBeta_sigmoid,36,8,BebmS,3,0.25185763442721487,0.5244755244755245,2.8188750982284545,0.21212121212121213,0.00958530551274458,0.02631578947368421,,,100,100
726,0.21,xiNearNormalWithNoise_kjContinuousBeta_sigmoid,37,8,BebmS,3,0.27600330694953024,0.4281274281274281,2.4118085980415342,0.11616161616161617,-0.0008102269975430328,0.006622516556291391,,,100,100
726,0.21,xiNearNormalWithNoise_kjContinuousBeta_sigmoid,38,8,BebmS,3,0.30101476743888494,0.4933954933954934,2.3439926226933796,0.15151515151515152,0.232004373132966,0.0,,,100,100
726,0.21,xiNearNormalWithNoise_kjContinuousBeta_sigmoid,39,8,BebmS,3,0.1557300789696196,0.4156954156954157,2.381508231163025,0.2676767676767677,0.10225624229044915,0.026490066225165563,,,100,100
726,0.21,xiNearNormalWithNoise_kjContinuousBeta_sigmoid,40,8,BebmS,3,0.4107447959723313,0.6938616938616938,2.455299727121989,0.25757575757575757,0.0540000853335022,0.0,,,100,100
726,0.21,xiNearNormalWithNoise_kjContinuousBeta_sigmoid,41,8,BebmS,3,0.05343182440066023,0.3333333333333333,2.683872369925181,0.297979797979798,0.027362302183920197,0.06666666666666667,,,100,100
726,0.21,xiNearNormalWithNoise_kjContinuousBeta_sigmoid,42,8,BebmS,3,0.467984351346276,0.4172494172494173,2.769280755519867,0.19696969696969693,0.2971535125592391,0.0,,,100,100
726,0.21,xiNearNormalWithNoise_kjContinuousBeta_sigmoid,43,8,BebmS,3,0.4005934621145009,0.6363636363636364,2.395695944627126,0.18686868686868688,0.019227342877367326,0.04666666666666667,,,100,100
726,0.21,xiNearNormalWithNoise_kjContinuousBeta_sigmoid,44,8,BebmS,3,0.4586798628919089,0.7062937062937062,2.5000219146410623,0.29797979797979796,0.16596144969908944,0.0,,,100,100
726,0.21,xiNearNormalWithNoise_kjContinuousBeta_sigmoid,45,8,BebmS,3,0.33806969830064654,0.5586635586635587,2.960420064131419,0.2828282828282828,0.312722692707262,0.03333333333333333,,,100,100
726,0.21,xiNearNormalWithNoise_kjContinuousBeta_sigmoid,46,8,BebmS,3,0.10986802144653952,0.5757575757575758,2.3642290274302167,0.2676767676767677,0.03268303768110234,0.033112582781456956,,,100,100
726,0.21,xiNearNormalWithNoise_kjContinuousBeta_sigmoid,47,8,BebmS,3,0.06746445032505952,0.35353535353535354,2.8470309098561604,0.12121212121212122,0.1559632884191295,0.08666666666666667,,,100,100
726,0.21,xiNearNormalWithNoise_kjContinuousBeta_sigmoid,48,8,BebmS,3,0.059417557507991395,0.36752136752136755,2.5127026240030923,0.25757575757575757,0.41053634561489855,0.06622516556291391,,,100,100
726,0.21,xiNearNormalWithNoise_kjContinuousBeta_sigmoid,49,8,BebmS,3,0.23916094412588187,0.7342657342657343,2.8256247719128926,0.1919191919191919,0.15640596563703676,0.006666666666666667,,,100,100
726,0.21,xiNearNormalWithNoise_kjContinuousBeta_xnjNormal,0,9,BebmS,3,0.0609760393536303,0.2432012432012432,2.3741896311442057,0.25757575757575757,0.2030147021449028,0.019867549668874173,,,100,100
726,0.21,xiNearNormalWithNoise_kjContinuousBeta_xnjNormal,1,9,BebmS,3,0.29950920736760983,0.5322455322455323,2.382487487792969,0.23737373737373738,0.09405477905871136,0.059602649006622516,,,100,100
726,0.21,xiNearNormalWithNoise_kjContinuousBeta_xnjNormal,2,9,BebmS,3,0.30533744665361384,0.7031857031857032,2.4696611126263934,0.2171717171717172,0.0060261998858024204,0.033112582781456956,,,100,100
726,0.21,xiNearNormalWithNoise_kjContinuousBeta_xnjNormal,3,9,BebmS,3,0.11812736147850521,0.2975912975912976,2.4339894890785216,0.16161616161616163,0.4701038359618628,0.1456953642384106,,,100,100
726,0.21,xiNearNormalWithNoise_kjContinuousBeta_xnjNormal,4,9,BebmS,3,0.0682768069083348,0.3162393162393162,2.4415952523549396,0.12626262626262627,0.02658871752348415,0.046357615894039736,,,100,100
726,0.21,xiNearNormalWithNoise_kjContinuousBeta_xnjNormal,5,9,BebmS,3,0.1944657133884454,0.45765345765345766,3.194218460718791,0.12626262626262627,0.3653327047587919,0.11258278145695365,,,100,100
726,0.21,xiNearNormalWithNoise_kjContinuousBeta_xnjNormal,6,9,BebmS,3,0.31014767473424937,0.48096348096348096,2.665431547164917,0.21717171717171715,0.10019858353589307,0.0,,,100,100
726,0.21,xiNearNormalWithNoise_kjContinuousBeta_xnjNormal,7,9,BebmS,3,0.2658548860825231,0.4094794094794095,2.443994176387787,0.1818181818181818,-0.008932601100079282,0.033112582781456956,,,100,100
726,0.21,xiNearNormalWithNoise_kjContinuousBeta_xnjNormal,8,9,BebmS,3,0.20230304654740078,0.6348096348096348,2.426258313655853,0.21212121212121213,0.36438570308483353,0.09271523178807947,,,100,100
726,0.21,xiNearNormalWithNoise_kjContinuousBeta_xnjNormal,9,9,BebmS,3,0.32837429852461963,0.6705516705516705,2.4435995221138,0.18686868686868688,0.14982449436400705,0.18666666666666668,,,100,100
726,0.21,xiNearNormalWithNoise_kjContinuousBeta_xnjNormal,10,9,BebmS,3,0.1661887635637358,0.3457653457653458,2.4003868103027344,0.2474747474747475,0.34586699842574803,0.019867549668874173,,,100,100
726,0.21,xiNearNormalWithNoise_kjContinuousBeta_xnjNormal,11,9,BebmS,3,0.38646460089911444,0.42657342657342656,3.9803027629852297,0.1313131313131313,0.012371772232915634,0.0,,,100,100
726,0.21,xiNearNormalWithNoise_kjContinuousBeta_xnjNormal,12,9,BebmS,3,0.1866224656195408,0.3504273504273504,2.5308051904042563,0.21212121212121213,0.25064819009304495,0.046357615894039736,,,100,100
726,0.21,xiNearNormalWithNoise_kjContinuousBeta_xnjNormal,13,9,BebmS,3,0.3790427791100778,0.4654234654234654,2.741167593002319,0.29797979797979796,0.09027803232512353,0.13245033112582782,,,100,100
726,0.21,xiNearNormalWithNoise_kjContinuousBeta_xnjNormal,14,9,BebmS,3,0.46018810153959716,0.7435897435897436,2.3635499715805053,0.15151515151515152,0.24236094336183076,0.059602649006622516,,,100,100
726,0.21,xiNearNormalWithNoise_kjContinuousBeta_xnjNormal,15,9,BebmS,3,0.09357342554760041,0.30691530691530694,2.5372217297554016,0.24242424242424243,0.1689768422308893,0.0,,,100,100
726,0.21,xiNearNormalWithNoise_kjContinuousBeta_xnjNormal,16,9,BebmS,3,0.4758554463598977,0.7435897435897436,2.5011728445688886,0.2878787878787879,-0.0699391284539014,0.2185430463576159,,,100,100
726,0.21,xiNearNormalWithNoise_kjContinuousBeta_xnjNormal,17,9,BebmS,3,0.011248273730106149,0.44988344988344986,2.3936880350112917,0.2626262626262626,0.27923288937565854,0.06622516556291391,,,100,100
726,0.21,xiNearNormalWithNoise_kjContinuousBeta_xnjNormal,18,9,BebmS,3,0.25603108629135574,0.5291375291375291,2.6754016876220703,0.30303030303030304,0.09048853813680231,0.033112582781456956,,,100,100
726,0.21,xiNearNormalWithNoise_kjContinuousBeta_xnjNormal,19,9,BebmS,3,0.05363701973416689,0.19813519813519814,2.4385109583536786,0.30303030303030304,0.08405879898800825,0.0,,,100,100
726,0.21,xiNearNormalWithNoise_kjContinuousBeta_xnjNormal,20,9,BebmS,3,0.3868047256860878,0.655011655011655,2.9356406331062317,0.3737373737373737,0.08134538493533609,0.0,,,100,100
726,0.21,xiNearNormalWithNoise_kjContinuousBeta_xnjNormal,21,9,BebmS,3,0.06751411568955663,0.3954933954933955,2.8741254409154258,0.29292929292929293,-0.005446464732833401,0.09933774834437085,,,100,100
726,0.21,xiNearNormalWithNoise_kjContinuousBeta_xnjNormal,22,9,BebmS,3,0.17757397596005547,0.43278943278943277,2.388521679242452,0.2626262626262626,0.5185717312424853,0.05333333333333334,,,100,100
726,0.21,xiNearNormalWithNoise_kjContinuousBeta_xnjNormal,23,9,BebmS,3,0.09316249968591941,0.17482517482517482,2.4099621057510374,0.13636363636363635,0.2631209174574855,0.019867549668874173,,,100,100
726,0.21,xiNearNormalWithNoise_kjContinuousBeta_xnjNormal,24,9,BebmS,3,0.1451007518296159,0.30691530691530694,2.397603523731232,0.196969696969697,0.37489259121240964,0.006622516556291391,,,100,100
726,0.21,xiNearNormalWithNoise_kjContinuousBeta_xnjNormal,25,9,BebmS,3,0.18232414983854578,0.4965034965034965,2.2822045564651487,0.20707070707070707,0.04706982234360648,0.033112582781456956,,,100,100
726,0.21,xiNearNormalWithNoise_kjContinuousBeta_xnjNormal,26,9,BebmS,3,0.42172706072657734,0.5710955710955711,2.508743635813395,0.15151515151515152,0.32276227294205884,0.10666666666666667,,,100,100
726,0.21,xiNearNormalWithNoise_kjContinuousBeta_xnjNormal,27,9,BebmS,3,0.3521771408131326,0.6783216783216783,2.4135920365651446,0.20202020202020202,0.46736034423672956,0.0,,,100,100
726,0.21,xiNearNormalWithNoise_kjContinuousBeta_xnjNormal,28,9,BebmS,3,0.4029141008484274,0.46231546231546233,2.422544761498769,0.297979797979798,0.06685997477247707,0.033112582781456956,,,100,100
726,0.21,xiNearNormalWithNoise_kjContinuousBeta_xnjNormal,29,9,BebmS,3,0.3871659373847651,0.4281274281274281,2.3833375493685405,0.20707070707070707,0.236550005186169,0.04,,,100,100
726,0.21,xiNearNormalWithNoise_kjContinuousBeta_xnjNormal,30,9,BebmS,3,0.02422352726235008,0.38927738927738925,2.368066640694936,0.21717171717171715,0.3860721970302228,0.0,,,100,100
726,0.21,xiNearNormalWithNoise_kjContinuousBeta_xnjNormal,31,9,BebmS,3,0.04943959480298343,0.3986013986013986,2.323616131146749,0.30303030303030304,0.29016234282925496,0.013333333333333334,,,100,100
726,0.21,xiNearNormalWithNoise_kjContinuousBeta_xnjNormal,32,9,BebmS,3,0.3592226422403357,0.60994560994561,2.3190831820170086,0.25252525252525254,0.14786337438203076,0.039735099337748346,,,100,100
726,0.21,xiNearNormalWithNoise_kjContinuousBeta_xnjNormal,33,9,BebmS,3,0.4874094468669425,0.8414918414918415,2.700408573945363,0.32323232323232326,0.28834634263961756,0.059602649006622516,,,100,100
726,0.21,xiNearNormalWithNoise_kjContinuousBeta_xnjNormal,34,9,BebmS,3,0.4221303147262104,0.5897435897435898,2.354371960957845,0.2272727272727273,0.2440107322797924,0.17218543046357615,,,100,100
726,0.21,xiNearNormalWithNoise_kjContinuousBeta_xnjNormal,35,9,BebmS,3,0.33207467623596515,0.7824397824397824,2.4081782579421995,0.21212121212121213,0.16879723189820028,0.026490066225165563,,,100,100
726,0.21,xiNearNormalWithNoise_kjContinuousBeta_xnjNormal,36,9,BebmS,3,0.22702180575290845,0.6363636363636364,2.3594399174054463,0.3333333333333333,0.04404110149897212,0.0,,,100,100
726,0.21,xiNearNormalWithNoise_kjContinuousBeta_xnjNormal,37,9,BebmS,3,0.22170934028550035,0.5928515928515928,2.598845358689626,0.19191919191919193,0.22875731466565644,0.006622516556291391,,,100,100
726,0.21,xiNearNormalWithNoise_kjContinuousBeta_xnjNormal,38,9,BebmS,3,0.07143391787229042,0.5011655011655012,2.347055164972941,0.16666666666666666,0.0858660547049052,0.059602649006622516,,,100,100
726,0.21,xiNearNormalWithNoise_kjContinuousBeta_xnjNormal,39,9,BebmS,3,0.38138247952111803,0.6612276612276612,3.147302754720052,0.25252525252525254,0.0839905736739486,0.026490066225165563,,,100,100
726,0.21,xiNearNormalWithNoise_kjContinuousBeta_xnjNormal,40,9,BebmS,3,0.3907961299045637,0.710955710955711,2.5737688104311625,0.23737373737373738,0.2537405980156105,0.09333333333333334,,,100,100
726,0.21,xiNearNormalWithNoise_kjContinuousBeta_xnjNormal,41,9,BebmS,3,0.33467243464783447,0.5151515151515151,2.4055632670720417,0.28787878787878785,0.376445855715886,0.033112582781456956,,,100,100
726,0.21,xiNearNormalWithNoise_kjContinuousBeta_xnjNormal,42,9,BebmS,3,0.4976291129716079,0.655011655011655,2.397620852788289,0.34848484848484845,0.07446726399527238,0.013333333333333334,,,100,100
726,0.21,xiNearNormalWithNoise_kjContinuousBeta_xnjNormal,43,9,BebmS,3,0.4892875834115935,0.7917637917637917,2.3603806217511494,0.20202020202020202,0.2865828101790855,0.0,,,100,100
726,0.21,xiNearNormalWithNoise_kjContinuousBeta_xnjNormal,44,9,BebmS,3,0.21395323562878785,0.46076146076146074,2.4274811506271363,0.1919191919191919,0.03302763739405682,0.052980132450331126,,,100,100
726,0.21,xiNearNormalWithNoise_kjContinuousBeta_xnjNormal,45,9,BebmS,3,0.07331834442382981,0.526029526029526,2.350219718615214,0.25252525252525254,0.24116927165942126,0.11258278145695365,,,100,100
726,0.21,xiNearNormalWithNoise_kjContinuousBeta_xnjNormal,46,9,BebmS,3,0.4604133079192908,0.6285936285936286,2.3589984218279523,0.31313131313131315,0.006173803937275843,0.0,,,100,100
726,0.21,xiNearNormalWithNoise_kjContinuousBeta_xnjNormal,47,9,BebmS,3,0.4781832643756096,0.9114219114219114,2.334027473131816,0.16161616161616163,-0.0010704873244669442,0.006622516556291391,,,100,100
726,0.21,xiNearNormalWithNoise_kjContinuousBeta_xnjNormal,48,9,BebmS,3,0.4343090384548047,0.752913752913753,2.397022914886475,0.16666666666666666,0.11957603142186952,0.04,,,100,100
726,0.21,xiNearNormalWithNoise_kjContinuousBeta_xnjNormal,49,9,BebmS,3,0.30679054489968244,0.5664335664335665,2.4745718002319337,0.25252525252525254,0.10963902463881584,0.1390728476821192,,,100,100
